#include "Font.h"

#include <cstring>

#include "../util/Util.h"
#include "../util/Log.h"


LOG_USE_TAG("Font")


namespace MINTGGGameEngine
{


// array size is 3089
static const uint8_t font6x12_ISO8859_1[]  = {
  0x46, 0x4f, 0x4e, 0x54, 0x58, 0x32, 0x4d, 0x49, 0x53, 0x43, 0x20, 0x20, 0x20, 0x20, 0x06, 0x0c,
  0x00, 0x00, 0x00, 0x00, 0xa8, 0x00, 0x88, 0x00, 0x88, 0x00, 0xa8, 0x00, 0x00, 0x00, 0x00, 0x00,
  0x00, 0x20, 0x70, 0xf8, 0x70, 0x20, 0x00, 0x00, 0x00, 0xa8, 0x54, 0xa8, 0x54, 0xa8, 0x54, 0xa8,
  0x54, 0xa8, 0x54, 0xa8, 0x54, 0x00, 0xa0, 0xa0, 0xe0, 0xa0, 0xb8, 0x10, 0x10, 0x10, 0x10, 0x00,
  0x00, 0x00, 0x00, 0xe0, 0x80, 0xc0, 0xb8, 0xa0, 0x30, 0x20, 0x20, 0x00, 0x00, 0x00, 0x60, 0x80,
  0x80, 0x80, 0x70, 0x28, 0x30, 0x28, 0x28, 0x00, 0x00, 0x00, 0x80, 0x80, 0x80, 0xe0, 0x00, 0x38,
  0x20, 0x30, 0x20, 0x00, 0x00, 0x00, 0x30, 0x48, 0x48, 0x30, 0x00, 0x00, 0x00, 0x00, 0x00, 0x00,
  0x00, 0x00, 0x00, 0x00, 0x20, 0x20, 0xf8, 0x20, 0x20, 0x00, 0xf8, 0x00, 0x00, 0x00, 0x00, 0x90,
  0xd0, 0xb0, 0x90, 0xb0, 0x20, 0x20, 0x38, 0x00, 0x00, 0x00, 0xa0, 0xa0, 0xa0, 0x40, 0x78, 0x10,
  0x10, 0x10, 0x10, 0x00, 0x00, 0x20, 0x20, 0x20, 0x20, 0x20, 0x20, 0xe0, 0x00, 0x00, 0x00, 0x00,
  0x00, 0x00, 0x00, 0x00, 0x00, 0x00, 0x00, 0xe0, 0x20, 0x20, 0x20, 0x20, 0x20, 0x00, 0x00, 0x00,
  0x00, 0x00, 0x00, 0x3c, 0x20, 0x20, 0x20, 0x20, 0x20, 0x20, 0x20, 0x20, 0x20, 0x20, 0x20, 0x3c,
  0x00, 0x00, 0x00, 0x00, 0x00, 0x20, 0x20, 0x20, 0x20, 0x20, 0x20, 0xfc, 0x20, 0x20, 0x20, 0x20,
  0x20, 0xfc, 0x00, 0x00, 0x00, 0x00, 0x00, 0x00, 0x00, 0x00, 0x00, 0x00, 0x00, 0x00, 0x00, 0x00,
  0xfc, 0x00, 0x00, 0x00, 0x00, 0x00, 0x00, 0x00, 0x00, 0x00, 0x00, 0x00, 0x00, 0x00, 0x00, 0xfc,
  0x00, 0x00, 0x00, 0x00, 0x00, 0x00, 0x00, 0x00, 0x00, 0x00, 0x00, 0x00, 0x00, 0xfc, 0x00, 0x00,
  0x00, 0x00, 0x00, 0x00, 0x00, 0x00, 0x00, 0x00, 0x00, 0x00, 0x00, 0x00, 0xfc, 0x20, 0x20, 0x20,
  0x20, 0x20, 0x20, 0x3c, 0x20, 0x20, 0x20, 0x20, 0x20, 0x20, 0x20, 0x20, 0x20, 0x20, 0x20, 0xe0,
  0x20, 0x20, 0x20, 0x20, 0x20, 0x20, 0x20, 0x20, 0x20, 0x20, 0x20, 0xfc, 0x00, 0x00, 0x00, 0x00,
  0x00, 0x00, 0x00, 0x00, 0x00, 0x00, 0x00, 0xfc, 0x20, 0x20, 0x20, 0x20, 0x20, 0x20, 0x20, 0x20,
  0x20, 0x20, 0x20, 0x20, 0x20, 0x20, 0x20, 0x20, 0x20, 0x00, 0x00, 0x00, 0x18, 0x60, 0x80, 0x60,
  0x18, 0x00, 0xf8, 0x00, 0x00, 0x00, 0x00, 0x00, 0xc0, 0x30, 0x08, 0x30, 0xc0, 0x00, 0xf8, 0x00,
  0x00, 0x00, 0x00, 0x00, 0x00, 0x00, 0xf8, 0x50, 0x50, 0x54, 0x48, 0x00, 0x00, 0x00, 0x00, 0x00,
  0x10, 0x10, 0xf8, 0x20, 0xf8, 0x40, 0x40, 0x00, 0x00, 0x00, 0x00, 0x00, 0x30, 0x48, 0x40, 0xe0,
  0x40, 0x48, 0xb0, 0x00, 0x00, 0x00, 0x00, 0x00, 0x00, 0x00, 0x30, 0x30, 0x00, 0x00, 0x00, 0x00,
  0x00, 0x00, 0x00, 0x00, 0x00, 0x00, 0x00, 0x00, 0x00, 0x00, 0x00, 0x00, 0x00, 0x00, 0x00, 0x00,
  0x20, 0x20, 0x20, 0x20, 0x20, 0x00, 0x20, 0x00, 0x00, 0x00, 0x00, 0x50, 0x50, 0x50, 0x00, 0x00,
  0x00, 0x00, 0x00, 0x00, 0x00, 0x00, 0x00, 0x00, 0x00, 0x50, 0xf8, 0x50, 0x50, 0xf8, 0x50, 0x00,
  0x00, 0x00, 0x00, 0x20, 0x70, 0xa8, 0xa0, 0x70, 0x28, 0xa8, 0x70, 0x20, 0x00, 0x00, 0x00, 0x00,
  0xc8, 0xc8, 0x10, 0x20, 0x40, 0x98, 0x98, 0x00, 0x00, 0x00, 0x00, 0x00, 0x40, 0xa0, 0xa0, 0x40,
  0xa8, 0x90, 0x68, 0x00, 0x00, 0x00, 0x00, 0x20, 0x20, 0x20, 0x00, 0x00, 0x00, 0x00, 0x00, 0x00,
  0x00, 0x00, 0x00, 0x10, 0x20, 0x20, 0x40, 0x40, 0x40, 0x20, 0x20, 0x10, 0x00, 0x00, 0x00, 0x40,
  0x20, 0x20, 0x10, 0x10, 0x10, 0x20, 0x20, 0x40, 0x00, 0x00, 0x00, 0x00, 0x20, 0xa8, 0x70, 0x20,
  0x70, 0xa8, 0x20, 0x00, 0x00, 0x00, 0x00, 0x00, 0x00, 0x20, 0x20, 0xf8, 0x20, 0x20, 0x00, 0x00,
  0x00, 0x00, 0x00, 0x00, 0x00, 0x00, 0x00, 0x00, 0x00, 0x60, 0x60, 0xc0, 0x00, 0x00, 0x00, 0x00,
  0x00, 0x00, 0x00, 0xf8, 0x00, 0x00, 0x00, 0x00, 0x00, 0x00, 0x00, 0x00, 0x00, 0x00, 0x00, 0x00,
  0x00, 0x60, 0x60, 0x00, 0x00, 0x00, 0x00, 0x00, 0x08, 0x10, 0x10, 0x20, 0x40, 0x40, 0x80, 0x00,
  0x00, 0x00, 0x00, 0x00, 0x30, 0x48, 0x48, 0x48, 0x48, 0x48, 0x30, 0x00, 0x00, 0x00, 0x00, 0x00,
  0x20, 0x60, 0x20, 0x20, 0x20, 0x20, 0x70, 0x00, 0x00, 0x00, 0x00, 0x00, 0x70, 0x88, 0x08, 0x10,
  0x20, 0x40, 0xf8, 0x00, 0x00, 0x00, 0x00, 0x00, 0xf8, 0x08, 0x10, 0x30, 0x08, 0x88, 0x70, 0x00,
  0x00, 0x00, 0x00, 0x00, 0x10, 0x30, 0x50, 0x90, 0xf8, 0x10, 0x10, 0x00, 0x00, 0x00, 0x00, 0x00,
  0xf8, 0x80, 0xf0, 0x08, 0x08, 0x88, 0x70, 0x00, 0x00, 0x00, 0x00, 0x00, 0x30, 0x40, 0x80, 0xf0,
  0x88, 0x88, 0x70, 0x00, 0x00, 0x00, 0x00, 0x00, 0xf8, 0x08, 0x10, 0x10, 0x20, 0x20, 0x20, 0x00,
  0x00, 0x00, 0x00, 0x00, 0x70, 0x88, 0x88, 0x70, 0x88, 0x88, 0x70, 0x00, 0x00, 0x00, 0x00, 0x00,
  0x70, 0x88, 0x88, 0x78, 0x08, 0x10, 0x60, 0x00, 0x00, 0x00, 0x00, 0x00, 0x00, 0x00, 0x60, 0x60,
  0x00, 0x60, 0x60, 0x00, 0x00, 0x00, 0x00, 0x00, 0x00, 0x00, 0x60, 0x60, 0x00, 0x60, 0x60, 0xc0,
  0x00, 0x00, 0x00, 0x00, 0x00, 0x10, 0x20, 0x40, 0x20, 0x10, 0x00, 0x00, 0x00, 0x00, 0x00, 0x00,
  0x00, 0x00, 0xf8, 0x00, 0xf8, 0x00, 0x00, 0x00, 0x00, 0x00, 0x00, 0x00, 0x00, 0x40, 0x20, 0x10,
  0x20, 0x40, 0x00, 0x00, 0x00, 0x00, 0x00, 0x00, 0x70, 0x88, 0x10, 0x20, 0x20, 0x00, 0x20, 0x00,
  0x00, 0x00, 0x00, 0x00, 0x70, 0x88, 0xb8, 0xa8, 0xb8, 0x80, 0x70, 0x00, 0x00, 0x00, 0x00, 0x00,
  0x70, 0x88, 0x88, 0xf8, 0x88, 0x88, 0x88, 0x00, 0x00, 0x00, 0x00, 0x00, 0xf0, 0x48, 0x48, 0x70,
  0x48, 0x48, 0xf0, 0x00, 0x00, 0x00, 0x00, 0x00, 0x70, 0x88, 0x80, 0x80, 0x80, 0x88, 0x70, 0x00,
  0x00, 0x00, 0x00, 0x00, 0xf0, 0x48, 0x48, 0x48, 0x48, 0x48, 0xf0, 0x00, 0x00, 0x00, 0x00, 0x00,
  0xf8, 0x80, 0x80, 0xf0, 0x80, 0x80, 0xf8, 0x00, 0x00, 0x00, 0x00, 0x00, 0xf8, 0x80, 0x80, 0xf0,
  0x80, 0x80, 0x80, 0x00, 0x00, 0x00, 0x00, 0x00, 0x70, 0x88, 0x80, 0x80, 0x98, 0x88, 0x70, 0x00,
  0x00, 0x00, 0x00, 0x00, 0x88, 0x88, 0x88, 0xf8, 0x88, 0x88, 0x88, 0x00, 0x00, 0x00, 0x00, 0x00,
  0x70, 0x20, 0x20, 0x20, 0x20, 0x20, 0x70, 0x00, 0x00, 0x00, 0x00, 0x00, 0x38, 0x10, 0x10, 0x10,
  0x10, 0x90, 0x60, 0x00, 0x00, 0x00, 0x00, 0x00, 0x88, 0x90, 0xa0, 0xc0, 0xa0, 0x90, 0x88, 0x00,
  0x00, 0x00, 0x00, 0x00, 0x80, 0x80, 0x80, 0x80, 0x80, 0x80, 0xf8, 0x00, 0x00, 0x00, 0x00, 0x00,
  0x88, 0xd8, 0xa8, 0x88, 0x88, 0x88, 0x88, 0x00, 0x00, 0x00, 0x00, 0x00, 0x88, 0x88, 0xc8, 0xa8,
  0x98, 0x88, 0x88, 0x00, 0x00, 0x00, 0x00, 0x00, 0x70, 0x88, 0x88, 0x88, 0x88, 0x88, 0x70, 0x00,
  0x00, 0x00, 0x00, 0x00, 0xf0, 0x88, 0x88, 0xf0, 0x80, 0x80, 0x80, 0x00, 0x00, 0x00, 0x00, 0x00,
  0x70, 0x88, 0x88, 0x88, 0xa8, 0x90, 0x68, 0x00, 0x00, 0x00, 0x00, 0x00, 0xf0, 0x88, 0x88, 0xf0,
  0xa0, 0x90, 0x88, 0x00, 0x00, 0x00, 0x00, 0x00, 0x70, 0x88, 0x80, 0x70, 0x08, 0x88, 0x70, 0x00,
  0x00, 0x00, 0x00, 0x00, 0xf8, 0x20, 0x20, 0x20, 0x20, 0x20, 0x20, 0x00, 0x00, 0x00, 0x00, 0x00,
  0x88, 0x88, 0x88, 0x88, 0x88, 0x88, 0x70, 0x00, 0x00, 0x00, 0x00, 0x00, 0x88, 0x88, 0x88, 0x88,
  0x50, 0x50, 0x20, 0x00, 0x00, 0x00, 0x00, 0x00, 0x88, 0x88, 0x88, 0x88, 0xa8, 0xa8, 0x50, 0x00,
  0x00, 0x00, 0x00, 0x00, 0x88, 0x88, 0x50, 0x20, 0x50, 0x88, 0x88, 0x00, 0x00, 0x00, 0x00, 0x00,
  0x88, 0x88, 0x50, 0x20, 0x20, 0x20, 0x20, 0x00, 0x00, 0x00, 0x00, 0x00, 0xf8, 0x08, 0x10, 0x20,
  0x40, 0x80, 0xf8, 0x00, 0x00, 0x00, 0x00, 0x70, 0x40, 0x40, 0x40, 0x40, 0x40, 0x40, 0x40, 0x70,
  0x00, 0x00, 0x00, 0x00, 0x80, 0x40, 0x40, 0x20, 0x10, 0x10, 0x08, 0x00, 0x00, 0x00, 0x00, 0x70,
  0x10, 0x10, 0x10, 0x10, 0x10, 0x10, 0x10, 0x70, 0x00, 0x00, 0x00, 0x20, 0x50, 0x88, 0x00, 0x00,
  0x00, 0x00, 0x00, 0x00, 0x00, 0x00, 0x00, 0x00, 0x00, 0x00, 0x00, 0x00, 0x00, 0x00, 0x00, 0x00,
  0xf8, 0x00, 0x00, 0x40, 0x20, 0x10, 0x00, 0x00, 0x00, 0x00, 0x00, 0x00, 0x00, 0x00, 0x00, 0x00,
  0x00, 0x00, 0x70, 0x08, 0x78, 0x88, 0x78, 0x00, 0x00, 0x00, 0x00, 0x00, 0x80, 0x80, 0xf0, 0x88,
  0x88, 0x88, 0xf0, 0x00, 0x00, 0x00, 0x00, 0x00, 0x00, 0x00, 0x70, 0x88, 0x80, 0x88, 0x70, 0x00,
  0x00, 0x00, 0x00, 0x00, 0x08, 0x08, 0x78, 0x88, 0x88, 0x88, 0x78, 0x00, 0x00, 0x00, 0x00, 0x00,
  0x00, 0x00, 0x70, 0x88, 0xf0, 0x80, 0x70, 0x00, 0x00, 0x00, 0x00, 0x00, 0x30, 0x48, 0x40, 0xe0,
  0x40, 0x40, 0x40, 0x00, 0x00, 0x00, 0x00, 0x00, 0x00, 0x00, 0x70, 0x88, 0x88, 0x88, 0x78, 0x08,
  0x70, 0x00, 0x00, 0x00, 0x80, 0x80, 0xf0, 0x88, 0x88, 0x88, 0x88, 0x00, 0x00, 0x00, 0x00, 0x00,
  0x20, 0x00, 0x60, 0x20, 0x20, 0x20, 0x70, 0x00, 0x00, 0x00, 0x00, 0x00, 0x08, 0x00, 0x18, 0x08,
  0x08, 0x08, 0x08, 0x48, 0x30, 0x00, 0x00, 0x00, 0x80, 0x80, 0x88, 0x90, 0xe0, 0x90, 0x88, 0x00,
  0x00, 0x00, 0x00, 0x00, 0x60, 0x20, 0x20, 0x20, 0x20, 0x20, 0x70, 0x00, 0x00, 0x00, 0x00, 0x00,
  0x00, 0x00, 0xd0, 0xa8, 0xa8, 0xa8, 0xa8, 0x00, 0x00, 0x00, 0x00, 0x00, 0x00, 0x00, 0xb0, 0xc8,
  0x88, 0x88, 0x88, 0x00, 0x00, 0x00, 0x00, 0x00, 0x00, 0x00, 0x70, 0x88, 0x88, 0x88, 0x70, 0x00,
  0x00, 0x00, 0x00, 0x00, 0x00, 0x00, 0xf0, 0x88, 0x88, 0x88, 0xf0, 0x80, 0x80, 0x00, 0x00, 0x00,
  0x00, 0x00, 0x78, 0x88, 0x88, 0x88, 0x78, 0x08, 0x08, 0x00, 0x00, 0x00, 0x00, 0x00, 0xb0, 0xc8,
  0x80, 0x80, 0x80, 0x00, 0x00, 0x00, 0x00, 0x00, 0x00, 0x00, 0x78, 0x80, 0x70, 0x08, 0xf0, 0x00,
  0x00, 0x00, 0x00, 0x00, 0x20, 0x20, 0xf8, 0x20, 0x20, 0x20, 0x18, 0x00, 0x00, 0x00, 0x00, 0x00,
  0x00, 0x00, 0x88, 0x88, 0x88, 0x98, 0x68, 0x00, 0x00, 0x00, 0x00, 0x00, 0x00, 0x00, 0x88, 0x88,
  0x88, 0x50, 0x20, 0x00, 0x00, 0x00, 0x00, 0x00, 0x00, 0x00, 0x88, 0x88, 0xa8, 0xa8, 0x50, 0x00,
  0x00, 0x00, 0x00, 0x00, 0x00, 0x00, 0x88, 0x50, 0x20, 0x50, 0x88, 0x00, 0x00, 0x00, 0x00, 0x00,
  0x00, 0x00, 0x88, 0x88, 0x88, 0x50, 0x20, 0x40, 0x80, 0x00, 0x00, 0x00, 0x00, 0x00, 0xf8, 0x10,
  0x20, 0x40, 0xf8, 0x00, 0x00, 0x00, 0x00, 0x10, 0x20, 0x20, 0x20, 0x40, 0x20, 0x20, 0x20, 0x10,
  0x00, 0x00, 0x00, 0x20, 0x20, 0x20, 0x20, 0x20, 0x20, 0x20, 0x20, 0x20, 0x00, 0x00, 0x00, 0x40,
  0x20, 0x20, 0x20, 0x10, 0x20, 0x20, 0x20, 0x40, 0x00, 0x00, 0x00, 0x00, 0x00, 0x00, 0x48, 0xa8,
  0x90, 0x00, 0x00, 0x00, 0x00, 0x00, 0x00, 0x00, 0x00, 0x00, 0x00, 0x00, 0x00, 0x00, 0x00, 0x00,
  0x00, 0x00, 0x00, 0x00, 0x00, 0x00, 0x00, 0x00, 0x00, 0x00, 0x00, 0x00, 0x00, 0x00, 0x00, 0x00,
  0x00, 0x00, 0x00, 0x00, 0x00, 0x00, 0x00, 0x00, 0x00, 0x00, 0x00, 0x00, 0x00, 0x00, 0x00, 0x00,
  0x00, 0x00, 0x00, 0x00, 0x00, 0x00, 0x00, 0x00, 0x00, 0x00, 0x00, 0x00, 0x00, 0x00, 0x00, 0x00,
  0x00, 0x00, 0x00, 0x00, 0x00, 0x00, 0x00, 0x00, 0x00, 0x00, 0x00, 0x00, 0x00, 0x00, 0x00, 0x00,
  0x00, 0x00, 0x00, 0x00, 0x00, 0x00, 0x00, 0x00, 0x00, 0x00, 0x00, 0x00, 0x00, 0x00, 0x00, 0x00,
  0x00, 0x00, 0x00, 0x00, 0x00, 0x00, 0x00, 0x00, 0x00, 0x00, 0x00, 0x00, 0x00, 0x00, 0x00, 0x00,
  0x00, 0x00, 0x00, 0x00, 0x00, 0x00, 0x00, 0x00, 0x00, 0x00, 0x00, 0x00, 0x00, 0x00, 0x00, 0x00,
  0x00, 0x00, 0x00, 0x00, 0x00, 0x00, 0x00, 0x00, 0x00, 0x00, 0x00, 0x00, 0x00, 0x00, 0x00, 0x00,
  0x00, 0x00, 0x00, 0x00, 0x00, 0x00, 0x00, 0x00, 0x00, 0x00, 0x00, 0x00, 0x00, 0x00, 0x00, 0x00,
  0x00, 0x00, 0x00, 0x00, 0x00, 0x00, 0x00, 0x00, 0x00, 0x00, 0x00, 0x00, 0x00, 0x00, 0x00, 0x00,
  0x00, 0x00, 0x00, 0x00, 0x00, 0x00, 0x00, 0x00, 0x00, 0x00, 0x00, 0x00, 0x00, 0x00, 0x00, 0x00,
  0x00, 0x00, 0x00, 0x00, 0x00, 0x00, 0x00, 0x00, 0x00, 0x00, 0x00, 0x00, 0x00, 0x00, 0x00, 0x00,
  0x00, 0x00, 0x00, 0x00, 0x00, 0x00, 0x00, 0x00, 0x00, 0x00, 0x00, 0x00, 0x00, 0x00, 0x00, 0x00,
  0x00, 0x00, 0x00, 0x00, 0x00, 0x00, 0x00, 0x00, 0x00, 0x00, 0x00, 0x00, 0x00, 0x00, 0x00, 0x00,
  0x00, 0x00, 0x00, 0x00, 0x00, 0x00, 0x00, 0x00, 0x00, 0x00, 0x00, 0x00, 0x00, 0x00, 0x00, 0x00,
  0x00, 0x00, 0x00, 0x00, 0x00, 0x00, 0x00, 0x00, 0x00, 0x00, 0x00, 0x00, 0x00, 0x00, 0x00, 0x00,
  0x00, 0x00, 0x00, 0x00, 0x00, 0x00, 0x00, 0x00, 0x00, 0x00, 0x00, 0x00, 0x00, 0x00, 0x00, 0x00,
  0x00, 0x00, 0x00, 0x00, 0x00, 0x00, 0x00, 0x00, 0x00, 0x00, 0x00, 0x00, 0x00, 0x00, 0x00, 0x00,
  0x00, 0x00, 0x00, 0x00, 0x00, 0x00, 0x00, 0x00, 0x00, 0x00, 0x00, 0x00, 0x00, 0x00, 0x00, 0x00,
  0x00, 0x00, 0x00, 0x00, 0x00, 0x00, 0x00, 0x00, 0x00, 0x00, 0x00, 0x00, 0x00, 0x00, 0x00, 0x00,
  0x00, 0x00, 0x00, 0x00, 0x00, 0x00, 0x00, 0x00, 0x00, 0x00, 0x00, 0x00, 0x00, 0x00, 0x00, 0x00,
  0x00, 0x00, 0x00, 0x00, 0x00, 0x00, 0x00, 0x00, 0x00, 0x00, 0x00, 0x00, 0x00, 0x00, 0x00, 0x00,
  0x00, 0x00, 0x00, 0x00, 0x00, 0x00, 0x00, 0x00, 0x00, 0x00, 0x00, 0x00, 0x00, 0x00, 0x00, 0x00,
  0x00, 0x00, 0x00, 0x00, 0x00, 0x00, 0x00, 0x00, 0x00, 0x00, 0x00, 0x00, 0x00, 0x00, 0x00, 0x00,
  0x00, 0x00, 0x00, 0x00, 0x00, 0x00, 0x00, 0x00, 0x00, 0x00, 0x00, 0x00, 0x00, 0x00, 0x00, 0x00,
  0x20, 0x00, 0x20, 0x20, 0x20, 0x20, 0x20, 0x00, 0x00, 0x00, 0x00, 0x00, 0x00, 0x20, 0x70, 0xa8,
  0xa0, 0xa8, 0x70, 0x20, 0x00, 0x00, 0x00, 0x00, 0x30, 0x48, 0x40, 0xe0, 0x40, 0x48, 0xb0, 0x00,
  0x00, 0x00, 0x00, 0x00, 0x00, 0x00, 0xa8, 0x50, 0x88, 0x50, 0xa8, 0x00, 0x00, 0x00, 0x00, 0x00,
  0x88, 0x50, 0xf8, 0x20, 0xf8, 0x20, 0x20, 0x00, 0x00, 0x00, 0x00, 0x00, 0x20, 0x20, 0x20, 0x00,
  0x20, 0x20, 0x20, 0x00, 0x00, 0x00, 0x00, 0x38, 0x40, 0x30, 0x48, 0x48, 0x30, 0x08, 0x70, 0x00,
  0x00, 0x00, 0x00, 0x50, 0x00, 0x00, 0x00, 0x00, 0x00, 0x00, 0x00, 0x00, 0x00, 0x00, 0x00, 0x00,
  0x78, 0x84, 0x94, 0xa4, 0x94, 0x84, 0x78, 0x00, 0x00, 0x00, 0x30, 0x50, 0x30, 0x00, 0x70, 0x00,
  0x00, 0x00, 0x00, 0x00, 0x00, 0x00, 0x00, 0x00, 0x00, 0x00, 0x28, 0x50, 0xa0, 0x50, 0x28, 0x00,
  0x00, 0x00, 0x00, 0x00, 0x00, 0x00, 0x00, 0xf8, 0x08, 0x08, 0x00, 0x00, 0x00, 0x00, 0x00, 0x00,
  0x00, 0x00, 0x00, 0x70, 0x00, 0x00, 0x00, 0x00, 0x00, 0x00, 0x00, 0x00, 0x78, 0x84, 0xb4, 0xa4,
  0xa4, 0x84, 0x78, 0x00, 0x00, 0x00, 0x00, 0xf8, 0x00, 0x00, 0x00, 0x00, 0x00, 0x00, 0x00, 0x00,
  0x00, 0x00, 0x30, 0x48, 0x48, 0x30, 0x00, 0x00, 0x00, 0x00, 0x00, 0x00, 0x00, 0x00, 0x00, 0x00,
  0x20, 0x20, 0xf8, 0x20, 0x20, 0x00, 0xf8, 0x00, 0x00, 0x20, 0x50, 0x10, 0x20, 0x70, 0x00, 0x00,
  0x00, 0x00, 0x00, 0x00, 0x00, 0x60, 0x10, 0x20, 0x10, 0x60, 0x00, 0x00, 0x00, 0x00, 0x00, 0x00,
  0x00, 0x00, 0x00, 0x10, 0x20, 0x40, 0x00, 0x00, 0x00, 0x00, 0x00, 0x00, 0x00, 0x00, 0x00, 0x00,
  0x00, 0x00, 0x88, 0x88, 0x88, 0x98, 0xe8, 0x80, 0x80, 0x00, 0x00, 0x78, 0xe8, 0xe8, 0xe8, 0x68,
  0x28, 0x28, 0x28, 0x00, 0x00, 0x00, 0x00, 0x00, 0x00, 0x00, 0x30, 0x30, 0x00, 0x00, 0x00, 0x00,
  0x00, 0x00, 0x00, 0x00, 0x00, 0x00, 0x00, 0x00, 0x00, 0x00, 0x00, 0x10, 0x60, 0x20, 0x60, 0x20,
  0x20, 0x70, 0x00, 0x00, 0x00, 0x00, 0x00, 0x00, 0x00, 0x20, 0x50, 0x20, 0x00, 0x70, 0x00, 0x00,
  0x00, 0x00, 0x00, 0x00, 0x00, 0x00, 0x00, 0x00, 0x00, 0x00, 0xa0, 0x50, 0x28, 0x50, 0xa0, 0x00,
  0x00, 0x40, 0xc0, 0x40, 0x40, 0x50, 0x30, 0x50, 0x78, 0x10, 0x10, 0x00, 0x00, 0x40, 0xc0, 0x40,
  0x40, 0x50, 0x28, 0x08, 0x10, 0x20, 0x38, 0x00, 0x00, 0xc0, 0x20, 0x40, 0x20, 0xd0, 0x30, 0x50,
  0x78, 0x10, 0x10, 0x00, 0x00, 0x00, 0x00, 0x00, 0x20, 0x00, 0x20, 0x20, 0x40, 0x88, 0x70, 0x00,
  0x00, 0x40, 0x20, 0x00, 0x70, 0x88, 0x88, 0xf8, 0x88, 0x88, 0x88, 0x00, 0x00, 0x10, 0x20, 0x00,
  0x70, 0x88, 0x88, 0xf8, 0x88, 0x88, 0x88, 0x00, 0x00, 0x20, 0x50, 0x00, 0x70, 0x88, 0x88, 0xf8,
  0x88, 0x88, 0x88, 0x00, 0x00, 0x68, 0xb0, 0x00, 0x70, 0x88, 0x88, 0xf8, 0x88, 0x88, 0x88, 0x00,
  0x00, 0x00, 0x50, 0x00, 0x70, 0x88, 0x88, 0xf8, 0x88, 0x88, 0x88, 0x00, 0x00, 0x20, 0x50, 0x20,
  0x70, 0x88, 0x88, 0xf8, 0x88, 0x88, 0x88, 0x00, 0x00, 0x00, 0x00, 0x00, 0x78, 0xa0, 0xa0, 0xf0,
  0xa0, 0xa0, 0xb8, 0x00, 0x00, 0x00, 0x00, 0x00, 0x70, 0x88, 0x80, 0x80, 0x80, 0x88, 0x70, 0x10,
  0x60, 0x40, 0x20, 0x00, 0xf8, 0x80, 0x80, 0xf0, 0x80, 0x80, 0xf8, 0x00, 0x00, 0x10, 0x20, 0x00,
  0xf8, 0x80, 0x80, 0xf0, 0x80, 0x80, 0xf8, 0x00, 0x00, 0x20, 0x50, 0x00, 0xf8, 0x80, 0x80, 0xf0,
  0x80, 0x80, 0xf8, 0x00, 0x00, 0x00, 0x50, 0x00, 0xf8, 0x80, 0x80, 0xf0, 0x80, 0x80, 0xf8, 0x00,
  0x00, 0x40, 0x20, 0x00, 0x70, 0x20, 0x20, 0x20, 0x20, 0x20, 0x70, 0x00, 0x00, 0x10, 0x20, 0x00,
  0x70, 0x20, 0x20, 0x20, 0x20, 0x20, 0x70, 0x00, 0x00, 0x20, 0x50, 0x00, 0x70, 0x20, 0x20, 0x20,
  0x20, 0x20, 0x70, 0x00, 0x00, 0x00, 0x50, 0x00, 0x70, 0x20, 0x20, 0x20, 0x20, 0x20, 0x70, 0x00,
  0x00, 0x00, 0x00, 0x00, 0x70, 0x48, 0x48, 0xe8, 0x48, 0x48, 0x70, 0x00, 0x00, 0x68, 0xb0, 0x00,
  0x88, 0x88, 0xc8, 0xa8, 0x98, 0x88, 0x88, 0x00, 0x00, 0x40, 0x20, 0x00, 0x70, 0x88, 0x88, 0x88,
  0x88, 0x88, 0x70, 0x00, 0x00, 0x10, 0x20, 0x00, 0x70, 0x88, 0x88, 0x88, 0x88, 0x88, 0x70, 0x00,
  0x00, 0x20, 0x50, 0x00, 0x70, 0x88, 0x88, 0x88, 0x88, 0x88, 0x70, 0x00, 0x00, 0x68, 0xb0, 0x00,
  0x70, 0x88, 0x88, 0x88, 0x88, 0x88, 0x70, 0x00, 0x00, 0x00, 0x50, 0x00, 0x70, 0x88, 0x88, 0x88,
  0x88, 0x88, 0x70, 0x00, 0x00, 0x00, 0x00, 0x00, 0x00, 0x88, 0x50, 0x20, 0x50, 0x88, 0x00, 0x00,
  0x00, 0x00, 0x00, 0x08, 0x70, 0x98, 0xa8, 0xa8, 0xa8, 0xc8, 0x70, 0x80, 0x00, 0x40, 0x20, 0x00,
  0x88, 0x88, 0x88, 0x88, 0x88, 0x88, 0x70, 0x00, 0x00, 0x10, 0x20, 0x00, 0x88, 0x88, 0x88, 0x88,
  0x88, 0x88, 0x70, 0x00, 0x00, 0x20, 0x50, 0x00, 0x88, 0x88, 0x88, 0x88, 0x88, 0x88, 0x70, 0x00,
  0x00, 0x00, 0x50, 0x00, 0x88, 0x88, 0x88, 0x88, 0x88, 0x88, 0x70, 0x00, 0x00, 0x10, 0x20, 0x00,
  0x88, 0x88, 0x50, 0x20, 0x20, 0x20, 0x20, 0x00, 0x00, 0x00, 0x00, 0x00, 0x40, 0x70, 0x48, 0x48,
  0x48, 0x70, 0x40, 0x00, 0x00, 0x00, 0x00, 0x00, 0x70, 0x88, 0x90, 0xa0, 0x90, 0x88, 0xb0, 0x00,
  0x00, 0x00, 0x00, 0x40, 0x20, 0x00, 0x70, 0x08, 0x78, 0x88, 0x78, 0x00, 0x00, 0x00, 0x00, 0x10,
  0x20, 0x00, 0x70, 0x08, 0x78, 0x88, 0x78, 0x00, 0x00, 0x00, 0x00, 0x20, 0x50, 0x00, 0x70, 0x08,
  0x78, 0x88, 0x78, 0x00, 0x00, 0x00, 0x00, 0x68, 0xb0, 0x00, 0x70, 0x08, 0x78, 0x88, 0x78, 0x00,
  0x00, 0x00, 0x00, 0x00, 0x50, 0x00, 0x70, 0x08, 0x78, 0x88, 0x78, 0x00, 0x00, 0x00, 0x00, 0x20,
  0x50, 0x20, 0x70, 0x08, 0x78, 0x88, 0x78, 0x00, 0x00, 0x00, 0x00, 0x00, 0x00, 0x00, 0x70, 0x28,
  0x70, 0xa0, 0x78, 0x00, 0x00, 0x00, 0x00, 0x00, 0x00, 0x00, 0x70, 0x88, 0x80, 0x88, 0x70, 0x10,
  0x60, 0x00, 0x00, 0x40, 0x20, 0x00, 0x70, 0x88, 0xf0, 0x80, 0x70, 0x00, 0x00, 0x00, 0x00, 0x10,
  0x20, 0x00, 0x70, 0x88, 0xf0, 0x80, 0x70, 0x00, 0x00, 0x00, 0x00, 0x20, 0x50, 0x00, 0x70, 0x88,
  0xf0, 0x80, 0x70, 0x00, 0x00, 0x00, 0x00, 0x00, 0x50, 0x00, 0x70, 0x88, 0xf0, 0x80, 0x70, 0x00,
  0x00, 0x00, 0x00, 0x40, 0x20, 0x00, 0x60, 0x20, 0x20, 0x20, 0x70, 0x00, 0x00, 0x00, 0x00, 0x10,
  0x20, 0x00, 0x60, 0x20, 0x20, 0x20, 0x70, 0x00, 0x00, 0x00, 0x00, 0x20, 0x50, 0x00, 0x60, 0x20,
  0x20, 0x20, 0x70, 0x00, 0x00, 0x00, 0x00, 0x00, 0x50, 0x00, 0x60, 0x20, 0x20, 0x20, 0x70, 0x00,
  0x00, 0x00, 0x50, 0x20, 0x50, 0x08, 0x78, 0x88, 0x88, 0x88, 0x70, 0x00, 0x00, 0x00, 0x00, 0x68,
  0xb0, 0x00, 0xb0, 0xc8, 0x88, 0x88, 0x88, 0x00, 0x00, 0x00, 0x00, 0x40, 0x20, 0x00, 0x70, 0x88,
  0x88, 0x88, 0x70, 0x00, 0x00, 0x00, 0x00, 0x10, 0x20, 0x00, 0x70, 0x88, 0x88, 0x88, 0x70, 0x00,
  0x00, 0x00, 0x00, 0x20, 0x50, 0x00, 0x70, 0x88, 0x88, 0x88, 0x70, 0x00, 0x00, 0x00, 0x00, 0x68,
  0xb0, 0x00, 0x70, 0x88, 0x88, 0x88, 0x70, 0x00, 0x00, 0x00, 0x00, 0x00, 0x50, 0x00, 0x70, 0x88,
  0x88, 0x88, 0x70, 0x00, 0x00, 0x00, 0x00, 0x00, 0x00, 0x20, 0x00, 0xf8, 0x00, 0x20, 0x00, 0x00,
  0x00, 0x00, 0x00, 0x00, 0x00, 0x00, 0x78, 0x98, 0xa8, 0xc8, 0xf0, 0x00, 0x00, 0x00, 0x00, 0x40,
  0x20, 0x00, 0x88, 0x88, 0x88, 0x88, 0x70, 0x00, 0x00, 0x00, 0x00, 0x10, 0x20, 0x00, 0x88, 0x88,
  0x88, 0x88, 0x70, 0x00, 0x00, 0x00, 0x00, 0x20, 0x50, 0x00, 0x88, 0x88, 0x88, 0x88, 0x70, 0x00,
  0x00, 0x00, 0x00, 0x00, 0x50, 0x00, 0x88, 0x88, 0x88, 0x88, 0x70, 0x00, 0x00, 0x00, 0x00, 0x10,
  0x20, 0x00, 0x88, 0x88, 0x88, 0x50, 0x20, 0x40, 0x80, 0x00, 0x00, 0x00, 0x80, 0x80, 0xf0, 0x88,
  0x88, 0x88, 0xf0, 0x80, 0x80, 0x00, 0x00, 0x00, 0x50, 0x00, 0x88, 0x88, 0x88, 0x50, 0x20, 0x40,
  0x80
};


// array size is 3345
static const uint8_t font8x13_ISO8859_1[]  = {
  0x46, 0x4f, 0x4e, 0x54, 0x58, 0x32, 0x4d, 0x49, 0x53, 0x43, 0x20, 0x20, 0x20, 0x20, 0x08, 0x0d,
  0x00, 0x00, 0x00, 0xaa, 0x00, 0x82, 0x00, 0x82, 0x00, 0x82, 0x00, 0xaa, 0x00, 0x00, 0x00, 0x00,
  0x00, 0x10, 0x38, 0x7c, 0xfe, 0x7c, 0x38, 0x10, 0x00, 0x00, 0x00, 0xaa, 0x55, 0xaa, 0x55, 0xaa,
  0x55, 0xaa, 0x55, 0xaa, 0x55, 0xaa, 0x55, 0xaa, 0x00, 0x00, 0xa0, 0xa0, 0xe0, 0xa0, 0xae, 0x04,
  0x04, 0x04, 0x04, 0x00, 0x00, 0x00, 0x00, 0xe0, 0x80, 0xc0, 0x80, 0x8e, 0x08, 0x0c, 0x08, 0x08,
  0x00, 0x00, 0x00, 0x00, 0x60, 0x80, 0x80, 0x80, 0x6c, 0x0a, 0x0c, 0x0a, 0x0a, 0x00, 0x00, 0x00,
  0x00, 0x80, 0x80, 0x80, 0x80, 0xee, 0x08, 0x0c, 0x08, 0x08, 0x00, 0x00, 0x00, 0x00, 0x18, 0x24,
  0x24, 0x18, 0x00, 0x00, 0x00, 0x00, 0x00, 0x00, 0x00, 0x00, 0x00, 0x00, 0x10, 0x10, 0x7c, 0x10,
  0x10, 0x00, 0x7c, 0x00, 0x00, 0x00, 0x00, 0x00, 0xc0, 0xa0, 0xa0, 0xa0, 0xa8, 0x08, 0x08, 0x08,
  0x0e, 0x00, 0x00, 0x00, 0x00, 0x88, 0x88, 0x50, 0x50, 0x2e, 0x04, 0x04, 0x04, 0x04, 0x00, 0x00,
  0x10, 0x10, 0x10, 0x10, 0x10, 0x10, 0xf0, 0x00, 0x00, 0x00, 0x00, 0x00, 0x00, 0x00, 0x00, 0x00,
  0x00, 0x00, 0x00, 0xf0, 0x10, 0x10, 0x10, 0x10, 0x10, 0x10, 0x00, 0x00, 0x00, 0x00, 0x00, 0x00,
  0x1f, 0x10, 0x10, 0x10, 0x10, 0x10, 0x10, 0x10, 0x10, 0x10, 0x10, 0x10, 0x10, 0x1f, 0x00, 0x00,
  0x00, 0x00, 0x00, 0x00, 0x10, 0x10, 0x10, 0x10, 0x10, 0x10, 0xff, 0x10, 0x10, 0x10, 0x10, 0x10,
  0x10, 0xff, 0x00, 0x00, 0x00, 0x00, 0x00, 0x00, 0x00, 0x00, 0x00, 0x00, 0x00, 0x00, 0x00, 0x00,
  0x00, 0xff, 0x00, 0x00, 0x00, 0x00, 0x00, 0x00, 0x00, 0x00, 0x00, 0x00, 0x00, 0x00, 0x00, 0x00,
  0x00, 0xff, 0x00, 0x00, 0x00, 0x00, 0x00, 0x00, 0x00, 0x00, 0x00, 0x00, 0x00, 0x00, 0x00, 0x00,
  0x00, 0xff, 0x00, 0x00, 0x00, 0x00, 0x00, 0x00, 0x00, 0x00, 0x00, 0x00, 0x00, 0x00, 0x00, 0x00,
  0x00, 0xff, 0x10, 0x10, 0x10, 0x10, 0x10, 0x10, 0x1f, 0x10, 0x10, 0x10, 0x10, 0x10, 0x10, 0x10,
  0x10, 0x10, 0x10, 0x10, 0x10, 0xf0, 0x10, 0x10, 0x10, 0x10, 0x10, 0x10, 0x10, 0x10, 0x10, 0x10,
  0x10, 0x10, 0xff, 0x00, 0x00, 0x00, 0x00, 0x00, 0x00, 0x00, 0x00, 0x00, 0x00, 0x00, 0x00, 0xff,
  0x10, 0x10, 0x10, 0x10, 0x10, 0x10, 0x10, 0x10, 0x10, 0x10, 0x10, 0x10, 0x10, 0x10, 0x10, 0x10,
  0x10, 0x10, 0x10, 0x00, 0x00, 0x00, 0x00, 0x0e, 0x30, 0xc0, 0x30, 0x0e, 0x00, 0xfe, 0x00, 0x00,
  0x00, 0x00, 0x00, 0x00, 0xe0, 0x18, 0x06, 0x18, 0xe0, 0x00, 0xfe, 0x00, 0x00, 0x00, 0x00, 0x00,
  0x00, 0x00, 0xfe, 0x44, 0x44, 0x44, 0x44, 0x44, 0x00, 0x00, 0x00, 0x00, 0x00, 0x04, 0x04, 0x7e,
  0x08, 0x10, 0x7e, 0x20, 0x20, 0x00, 0x00, 0x00, 0x00, 0x1c, 0x22, 0x20, 0x70, 0x20, 0x20, 0x20,
  0x62, 0xdc, 0x00, 0x00, 0x00, 0x00, 0x00, 0x00, 0x00, 0x00, 0x18, 0x00, 0x00, 0x00, 0x00, 0x00,
  0x00, 0x00, 0x00, 0x00, 0x00, 0x00, 0x00, 0x00, 0x00, 0x00, 0x00, 0x00, 0x00, 0x00, 0x00, 0x00,
  0x10, 0x10, 0x10, 0x10, 0x10, 0x10, 0x10, 0x00, 0x10, 0x00, 0x00, 0x00, 0x00, 0x24, 0x24, 0x24,
  0x00, 0x00, 0x00, 0x00, 0x00, 0x00, 0x00, 0x00, 0x00, 0x00, 0x00, 0x24, 0x24, 0x7e, 0x24, 0x7e,
  0x24, 0x24, 0x00, 0x00, 0x00, 0x00, 0x00, 0x10, 0x3c, 0x50, 0x50, 0x38, 0x14, 0x14, 0x78, 0x10,
  0x00, 0x00, 0x00, 0x00, 0x22, 0x52, 0x24, 0x08, 0x08, 0x10, 0x24, 0x2a, 0x44, 0x00, 0x00, 0x00,
  0x00, 0x00, 0x00, 0x30, 0x48, 0x48, 0x30, 0x4a, 0x44, 0x3a, 0x00, 0x00, 0x00, 0x00, 0x10, 0x10,
  0x10, 0x00, 0x00, 0x00, 0x00, 0x00, 0x00, 0x00, 0x00, 0x00, 0x00, 0x04, 0x08, 0x08, 0x10, 0x10,
  0x10, 0x08, 0x08, 0x04, 0x00, 0x00, 0x00, 0x00, 0x20, 0x10, 0x10, 0x08, 0x08, 0x08, 0x10, 0x10,
  0x20, 0x00, 0x00, 0x00, 0x00, 0x24, 0x18, 0x7e, 0x18, 0x24, 0x00, 0x00, 0x00, 0x00, 0x00, 0x00,
  0x00, 0x00, 0x00, 0x00, 0x10, 0x10, 0x7c, 0x10, 0x10, 0x00, 0x00, 0x00, 0x00, 0x00, 0x00, 0x00,
  0x00, 0x00, 0x00, 0x00, 0x00, 0x00, 0x38, 0x30, 0x40, 0x00, 0x00, 0x00, 0x00, 0x00, 0x00, 0x00,
  0x7c, 0x00, 0x00, 0x00, 0x00, 0x00, 0x00, 0x00, 0x00, 0x00, 0x00, 0x00, 0x00, 0x00, 0x00, 0x00,
  0x10, 0x38, 0x10, 0x00, 0x00, 0x00, 0x02, 0x02, 0x04, 0x08, 0x10, 0x20, 0x40, 0x80, 0x80, 0x00,
  0x00, 0x00, 0x00, 0x18, 0x24, 0x42, 0x42, 0x42, 0x42, 0x42, 0x24, 0x18, 0x00, 0x00, 0x00, 0x00,
  0x10, 0x30, 0x50, 0x10, 0x10, 0x10, 0x10, 0x10, 0x7c, 0x00, 0x00, 0x00, 0x00, 0x3c, 0x42, 0x42,
  0x02, 0x04, 0x18, 0x20, 0x40, 0x7e, 0x00, 0x00, 0x00, 0x00, 0x7e, 0x02, 0x04, 0x08, 0x1c, 0x02,
  0x02, 0x42, 0x3c, 0x00, 0x00, 0x00, 0x00, 0x04, 0x0c, 0x14, 0x24, 0x44, 0x44, 0x7e, 0x04, 0x04,
  0x00, 0x00, 0x00, 0x00, 0x7e, 0x40, 0x40, 0x5c, 0x62, 0x02, 0x02, 0x42, 0x3c, 0x00, 0x00, 0x00,
  0x00, 0x1c, 0x20, 0x40, 0x40, 0x5c, 0x62, 0x42, 0x42, 0x3c, 0x00, 0x00, 0x00, 0x00, 0x7e, 0x02,
  0x04, 0x08, 0x08, 0x10, 0x10, 0x20, 0x20, 0x00, 0x00, 0x00, 0x00, 0x3c, 0x42, 0x42, 0x42, 0x3c,
  0x42, 0x42, 0x42, 0x3c, 0x00, 0x00, 0x00, 0x00, 0x3c, 0x42, 0x42, 0x46, 0x3a, 0x02, 0x02, 0x04,
  0x38, 0x00, 0x00, 0x00, 0x00, 0x00, 0x00, 0x10, 0x38, 0x10, 0x00, 0x00, 0x10, 0x38, 0x10, 0x00,
  0x00, 0x00, 0x00, 0x00, 0x10, 0x38, 0x10, 0x00, 0x00, 0x38, 0x30, 0x40, 0x00, 0x00, 0x00, 0x02,
  0x04, 0x08, 0x10, 0x20, 0x10, 0x08, 0x04, 0x02, 0x00, 0x00, 0x00, 0x00, 0x00, 0x00, 0x00, 0x7e,
  0x00, 0x00, 0x7e, 0x00, 0x00, 0x00, 0x00, 0x00, 0x00, 0x40, 0x20, 0x10, 0x08, 0x04, 0x08, 0x10,
  0x20, 0x40, 0x00, 0x00, 0x00, 0x00, 0x3c, 0x42, 0x42, 0x02, 0x04, 0x08, 0x08, 0x00, 0x08, 0x00,
  0x00, 0x00, 0x00, 0x3c, 0x42, 0x42, 0x4e, 0x52, 0x56, 0x4a, 0x40, 0x3c, 0x00, 0x00, 0x00, 0x00,
  0x18, 0x24, 0x42, 0x42, 0x42, 0x7e, 0x42, 0x42, 0x42, 0x00, 0x00, 0x00, 0x00, 0x78, 0x44, 0x42,
  0x44, 0x78, 0x44, 0x42, 0x44, 0x78, 0x00, 0x00, 0x00, 0x00, 0x3c, 0x42, 0x40, 0x40, 0x40, 0x40,
  0x40, 0x42, 0x3c, 0x00, 0x00, 0x00, 0x00, 0x78, 0x44, 0x42, 0x42, 0x42, 0x42, 0x42, 0x44, 0x78,
  0x00, 0x00, 0x00, 0x00, 0x7e, 0x40, 0x40, 0x40, 0x78, 0x40, 0x40, 0x40, 0x7e, 0x00, 0x00, 0x00,
  0x00, 0x7e, 0x40, 0x40, 0x40, 0x78, 0x40, 0x40, 0x40, 0x40, 0x00, 0x00, 0x00, 0x00, 0x3c, 0x42,
  0x40, 0x40, 0x40, 0x4e, 0x42, 0x46, 0x3a, 0x00, 0x00, 0x00, 0x00, 0x42, 0x42, 0x42, 0x42, 0x7e,
  0x42, 0x42, 0x42, 0x42, 0x00, 0x00, 0x00, 0x00, 0x7c, 0x10, 0x10, 0x10, 0x10, 0x10, 0x10, 0x10,
  0x7c, 0x00, 0x00, 0x00, 0x00, 0x1f, 0x04, 0x04, 0x04, 0x04, 0x04, 0x04, 0x44, 0x38, 0x00, 0x00,
  0x00, 0x00, 0x42, 0x44, 0x48, 0x50, 0x60, 0x50, 0x48, 0x44, 0x42, 0x00, 0x00, 0x00, 0x00, 0x40,
  0x40, 0x40, 0x40, 0x40, 0x40, 0x40, 0x40, 0x7e, 0x00, 0x00, 0x00, 0x00, 0x82, 0x82, 0xc6, 0xaa,
  0x92, 0x92, 0x82, 0x82, 0x82, 0x00, 0x00, 0x00, 0x00, 0x42, 0x42, 0x62, 0x52, 0x4a, 0x46, 0x42,
  0x42, 0x42, 0x00, 0x00, 0x00, 0x00, 0x3c, 0x42, 0x42, 0x42, 0x42, 0x42, 0x42, 0x42, 0x3c, 0x00,
  0x00, 0x00, 0x00, 0x7c, 0x42, 0x42, 0x42, 0x7c, 0x40, 0x40, 0x40, 0x40, 0x00, 0x00, 0x00, 0x00,
  0x3c, 0x42, 0x42, 0x42, 0x42, 0x42, 0x52, 0x4a, 0x3c, 0x02, 0x00, 0x00, 0x00, 0x7c, 0x42, 0x42,
  0x42, 0x7c, 0x50, 0x48, 0x44, 0x42, 0x00, 0x00, 0x00, 0x00, 0x3c, 0x42, 0x40, 0x40, 0x3c, 0x02,
  0x02, 0x42, 0x3c, 0x00, 0x00, 0x00, 0x00, 0xfe, 0x10, 0x10, 0x10, 0x10, 0x10, 0x10, 0x10, 0x10,
  0x00, 0x00, 0x00, 0x00, 0x42, 0x42, 0x42, 0x42, 0x42, 0x42, 0x42, 0x42, 0x3c, 0x00, 0x00, 0x00,
  0x00, 0x82, 0x82, 0x44, 0x44, 0x44, 0x28, 0x28, 0x28, 0x10, 0x00, 0x00, 0x00, 0x00, 0x82, 0x82,
  0x82, 0x82, 0x92, 0x92, 0x92, 0xaa, 0x44, 0x00, 0x00, 0x00, 0x00, 0x82, 0x82, 0x44, 0x28, 0x10,
  0x28, 0x44, 0x82, 0x82, 0x00, 0x00, 0x00, 0x00, 0x82, 0x82, 0x44, 0x28, 0x10, 0x10, 0x10, 0x10,
  0x10, 0x00, 0x00, 0x00, 0x00, 0x7e, 0x02, 0x04, 0x08, 0x10, 0x20, 0x40, 0x40, 0x7e, 0x00, 0x00,
  0x00, 0x00, 0x3c, 0x20, 0x20, 0x20, 0x20, 0x20, 0x20, 0x20, 0x3c, 0x00, 0x00, 0x00, 0x00, 0x80,
  0x80, 0x40, 0x20, 0x10, 0x08, 0x04, 0x02, 0x02, 0x00, 0x00, 0x00, 0x00, 0x78, 0x08, 0x08, 0x08,
  0x08, 0x08, 0x08, 0x08, 0x78, 0x00, 0x00, 0x00, 0x00, 0x10, 0x28, 0x44, 0x00, 0x00, 0x00, 0x00,
  0x00, 0x00, 0x00, 0x00, 0x00, 0x00, 0x00, 0x00, 0x00, 0x00, 0x00, 0x00, 0x00, 0x00, 0x00, 0xfe,
  0x00, 0x00, 0x10, 0x08, 0x00, 0x00, 0x00, 0x00, 0x00, 0x00, 0x00, 0x00, 0x00, 0x00, 0x00, 0x00,
  0x00, 0x00, 0x00, 0x3c, 0x02, 0x3e, 0x42, 0x46, 0x3a, 0x00, 0x00, 0x00, 0x00, 0x40, 0x40, 0x40,
  0x5c, 0x62, 0x42, 0x42, 0x62, 0x5c, 0x00, 0x00, 0x00, 0x00, 0x00, 0x00, 0x00, 0x3c, 0x42, 0x40,
  0x40, 0x42, 0x3c, 0x00, 0x00, 0x00, 0x00, 0x02, 0x02, 0x02, 0x3a, 0x46, 0x42, 0x42, 0x46, 0x3a,
  0x00, 0x00, 0x00, 0x00, 0x00, 0x00, 0x00, 0x3c, 0x42, 0x7e, 0x40, 0x42, 0x3c, 0x00, 0x00, 0x00,
  0x00, 0x1c, 0x22, 0x20, 0x20, 0x7c, 0x20, 0x20, 0x20, 0x20, 0x00, 0x00, 0x00, 0x00, 0x00, 0x00,
  0x00, 0x3a, 0x44, 0x44, 0x38, 0x40, 0x3c, 0x42, 0x3c, 0x00, 0x00, 0x40, 0x40, 0x40, 0x5c, 0x62,
  0x42, 0x42, 0x42, 0x42, 0x00, 0x00, 0x00, 0x00, 0x00, 0x10, 0x00, 0x30, 0x10, 0x10, 0x10, 0x10,
  0x7c, 0x00, 0x00, 0x00, 0x00, 0x00, 0x04, 0x00, 0x0c, 0x04, 0x04, 0x04, 0x04, 0x44, 0x44, 0x38,
  0x00, 0x00, 0x40, 0x40, 0x40, 0x44, 0x48, 0x70, 0x48, 0x44, 0x42, 0x00, 0x00, 0x00, 0x00, 0x30,
  0x10, 0x10, 0x10, 0x10, 0x10, 0x10, 0x10, 0x7c, 0x00, 0x00, 0x00, 0x00, 0x00, 0x00, 0x00, 0xec,
  0x92, 0x92, 0x92, 0x92, 0x82, 0x00, 0x00, 0x00, 0x00, 0x00, 0x00, 0x00, 0x5c, 0x62, 0x42, 0x42,
  0x42, 0x42, 0x00, 0x00, 0x00, 0x00, 0x00, 0x00, 0x00, 0x3c, 0x42, 0x42, 0x42, 0x42, 0x3c, 0x00,
  0x00, 0x00, 0x00, 0x00, 0x00, 0x00, 0x5c, 0x62, 0x42, 0x62, 0x5c, 0x40, 0x40, 0x40, 0x00, 0x00,
  0x00, 0x00, 0x00, 0x3a, 0x46, 0x42, 0x46, 0x3a, 0x02, 0x02, 0x02, 0x00, 0x00, 0x00, 0x00, 0x00,
  0x5c, 0x22, 0x20, 0x20, 0x20, 0x20, 0x00, 0x00, 0x00, 0x00, 0x00, 0x00, 0x00, 0x3c, 0x42, 0x30,
  0x0c, 0x42, 0x3c, 0x00, 0x00, 0x00, 0x00, 0x00, 0x20, 0x20, 0x7c, 0x20, 0x20, 0x20, 0x22, 0x1c,
  0x00, 0x00, 0x00, 0x00, 0x00, 0x00, 0x00, 0x44, 0x44, 0x44, 0x44, 0x44, 0x3a, 0x00, 0x00, 0x00,
  0x00, 0x00, 0x00, 0x00, 0x44, 0x44, 0x44, 0x28, 0x28, 0x10, 0x00, 0x00, 0x00, 0x00, 0x00, 0x00,
  0x00, 0x82, 0x82, 0x92, 0x92, 0xaa, 0x44, 0x00, 0x00, 0x00, 0x00, 0x00, 0x00, 0x00, 0x42, 0x24,
  0x18, 0x18, 0x24, 0x42, 0x00, 0x00, 0x00, 0x00, 0x00, 0x00, 0x00, 0x42, 0x42, 0x42, 0x46, 0x3a,
  0x02, 0x42, 0x3c, 0x00, 0x00, 0x00, 0x00, 0x00, 0x7e, 0x04, 0x08, 0x10, 0x20, 0x7e, 0x00, 0x00,
  0x00, 0x00, 0x0e, 0x10, 0x10, 0x08, 0x30, 0x08, 0x10, 0x10, 0x0e, 0x00, 0x00, 0x00, 0x00, 0x10,
  0x10, 0x10, 0x10, 0x10, 0x10, 0x10, 0x10, 0x10, 0x00, 0x00, 0x00, 0x00, 0x70, 0x08, 0x08, 0x10,
  0x0c, 0x10, 0x08, 0x08, 0x70, 0x00, 0x00, 0x00, 0x00, 0x24, 0x54, 0x48, 0x00, 0x00, 0x00, 0x00,
  0x00, 0x00, 0x00, 0x00, 0x00, 0x00, 0x00, 0x00, 0x00, 0x00, 0x00, 0x00, 0x00, 0x00, 0x00, 0x00,
  0x00, 0x00, 0x00, 0x00, 0x00, 0x00, 0x00, 0x00, 0x00, 0x00, 0x00, 0x00, 0x00, 0x00, 0x00, 0x00,
  0x00, 0x00, 0x00, 0x00, 0x00, 0x00, 0x00, 0x00, 0x00, 0x00, 0x00, 0x00, 0x00, 0x00, 0x00, 0x00,
  0x00, 0x00, 0x00, 0x00, 0x00, 0x00, 0x00, 0x00, 0x00, 0x00, 0x00, 0x00, 0x00, 0x00, 0x00, 0x00,
  0x00, 0x00, 0x00, 0x00, 0x00, 0x00, 0x00, 0x00, 0x00, 0x00, 0x00, 0x00, 0x00, 0x00, 0x00, 0x00,
  0x00, 0x00, 0x00, 0x00, 0x00, 0x00, 0x00, 0x00, 0x00, 0x00, 0x00, 0x00, 0x00, 0x00, 0x00, 0x00,
  0x00, 0x00, 0x00, 0x00, 0x00, 0x00, 0x00, 0x00, 0x00, 0x00, 0x00, 0x00, 0x00, 0x00, 0x00, 0x00,
  0x00, 0x00, 0x00, 0x00, 0x00, 0x00, 0x00, 0x00, 0x00, 0x00, 0x00, 0x00, 0x00, 0x00, 0x00, 0x00,
  0x00, 0x00, 0x00, 0x00, 0x00, 0x00, 0x00, 0x00, 0x00, 0x00, 0x00, 0x00, 0x00, 0x00, 0x00, 0x00,
  0x00, 0x00, 0x00, 0x00, 0x00, 0x00, 0x00, 0x00, 0x00, 0x00, 0x00, 0x00, 0x00, 0x00, 0x00, 0x00,
  0x00, 0x00, 0x00, 0x00, 0x00, 0x00, 0x00, 0x00, 0x00, 0x00, 0x00, 0x00, 0x00, 0x00, 0x00, 0x00,
  0x00, 0x00, 0x00, 0x00, 0x00, 0x00, 0x00, 0x00, 0x00, 0x00, 0x00, 0x00, 0x00, 0x00, 0x00, 0x00,
  0x00, 0x00, 0x00, 0x00, 0x00, 0x00, 0x00, 0x00, 0x00, 0x00, 0x00, 0x00, 0x00, 0x00, 0x00, 0x00,
  0x00, 0x00, 0x00, 0x00, 0x00, 0x00, 0x00, 0x00, 0x00, 0x00, 0x00, 0x00, 0x00, 0x00, 0x00, 0x00,
  0x00, 0x00, 0x00, 0x00, 0x00, 0x00, 0x00, 0x00, 0x00, 0x00, 0x00, 0x00, 0x00, 0x00, 0x00, 0x00,
  0x00, 0x00, 0x00, 0x00, 0x00, 0x00, 0x00, 0x00, 0x00, 0x00, 0x00, 0x00, 0x00, 0x00, 0x00, 0x00,
  0x00, 0x00, 0x00, 0x00, 0x00, 0x00, 0x00, 0x00, 0x00, 0x00, 0x00, 0x00, 0x00, 0x00, 0x00, 0x00,
  0x00, 0x00, 0x00, 0x00, 0x00, 0x00, 0x00, 0x00, 0x00, 0x00, 0x00, 0x00, 0x00, 0x00, 0x00, 0x00,
  0x00, 0x00, 0x00, 0x00, 0x00, 0x00, 0x00, 0x00, 0x00, 0x00, 0x00, 0x00, 0x00, 0x00, 0x00, 0x00,
  0x00, 0x00, 0x00, 0x00, 0x00, 0x00, 0x00, 0x00, 0x00, 0x00, 0x00, 0x00, 0x00, 0x00, 0x00, 0x00,
  0x00, 0x00, 0x00, 0x00, 0x00, 0x00, 0x00, 0x00, 0x00, 0x00, 0x00, 0x00, 0x00, 0x00, 0x00, 0x00,
  0x00, 0x00, 0x00, 0x00, 0x00, 0x00, 0x00, 0x00, 0x00, 0x00, 0x00, 0x00, 0x00, 0x00, 0x00, 0x00,
  0x00, 0x00, 0x00, 0x00, 0x00, 0x00, 0x00, 0x00, 0x00, 0x00, 0x00, 0x00, 0x00, 0x00, 0x00, 0x00,
  0x00, 0x00, 0x00, 0x00, 0x00, 0x00, 0x00, 0x00, 0x00, 0x00, 0x00, 0x00, 0x00, 0x00, 0x00, 0x00,
  0x00, 0x00, 0x00, 0x00, 0x00, 0x00, 0x00, 0x00, 0x00, 0x00, 0x00, 0x00, 0x00, 0x00, 0x00, 0x00,
  0x00, 0x00, 0x00, 0x00, 0x00, 0x00, 0x00, 0x00, 0x00, 0x00, 0x00, 0x00, 0x00, 0x00, 0x00, 0x00,
  0x00, 0x00, 0x00, 0x00, 0x00, 0x00, 0x00, 0x00, 0x00, 0x00, 0x00, 0x00, 0x00, 0x00, 0x00, 0x00,
  0x00, 0x00, 0x00, 0x00, 0x00, 0x00, 0x00, 0x00, 0x00, 0x00, 0x00, 0x00, 0x00, 0x00, 0x00, 0x00,
  0x10, 0x00, 0x10, 0x10, 0x10, 0x10, 0x10, 0x10, 0x10, 0x00, 0x00, 0x00, 0x00, 0x10, 0x38, 0x54,
  0x50, 0x50, 0x54, 0x38, 0x10, 0x00, 0x00, 0x00, 0x00, 0x00, 0x1c, 0x22, 0x20, 0x70, 0x20, 0x20,
  0x20, 0x62, 0xdc, 0x00, 0x00, 0x00, 0x00, 0x00, 0x00, 0x42, 0x3c, 0x24, 0x24, 0x3c, 0x42, 0x00,
  0x00, 0x00, 0x00, 0x00, 0x82, 0x82, 0x44, 0x28, 0x7c, 0x10, 0x7c, 0x10, 0x10, 0x00, 0x00, 0x00,
  0x00, 0x10, 0x10, 0x10, 0x10, 0x00, 0x10, 0x10, 0x10, 0x10, 0x00, 0x00, 0x00, 0x18, 0x24, 0x20,
  0x18, 0x24, 0x24, 0x18, 0x04, 0x24, 0x18, 0x00, 0x00, 0x00, 0x24, 0x24, 0x00, 0x00, 0x00, 0x00,
  0x00, 0x00, 0x00, 0x00, 0x00, 0x00, 0x00, 0x38, 0x44, 0x92, 0xaa, 0xa2, 0xaa, 0x92, 0x44, 0x38,
  0x00, 0x00, 0x00, 0x00, 0x00, 0x38, 0x04, 0x3c, 0x44, 0x3c, 0x00, 0x7c, 0x00, 0x00, 0x00, 0x00,
  0x00, 0x00, 0x00, 0x12, 0x24, 0x48, 0x90, 0x48, 0x24, 0x12, 0x00, 0x00, 0x00, 0x00, 0x00, 0x00,
  0x00, 0x00, 0x00, 0x7e, 0x02, 0x02, 0x02, 0x00, 0x00, 0x00, 0x00, 0x00, 0x00, 0x00, 0x00, 0x00,
  0x3c, 0x00, 0x00, 0x00, 0x00, 0x00, 0x00, 0x00, 0x38, 0x44, 0x92, 0xaa, 0xaa, 0xb2, 0xaa, 0x44,
  0x38, 0x00, 0x00, 0x00, 0x00, 0x00, 0x7e, 0x00, 0x00, 0x00, 0x00, 0x00, 0x00, 0x00, 0x00, 0x00,
  0x00, 0x00, 0x00, 0x18, 0x24, 0x24, 0x18, 0x00, 0x00, 0x00, 0x00, 0x00, 0x00, 0x00, 0x00, 0x00,
  0x00, 0x10, 0x10, 0x7c, 0x10, 0x10, 0x00, 0x7c, 0x00, 0x00, 0x00, 0x00, 0x30, 0x48, 0x08, 0x30,
  0x40, 0x78, 0x00, 0x00, 0x00, 0x00, 0x00, 0x00, 0x00, 0x30, 0x48, 0x10, 0x08, 0x48, 0x30, 0x00,
  0x00, 0x00, 0x00, 0x00, 0x00, 0x00, 0x08, 0x10, 0x00, 0x00, 0x00, 0x00, 0x00, 0x00, 0x00, 0x00,
  0x00, 0x00, 0x00, 0x00, 0x00, 0x00, 0x00, 0x42, 0x42, 0x42, 0x42, 0x66, 0x5a, 0x40, 0x00, 0x00,
  0x00, 0x3e, 0x74, 0x74, 0x74, 0x34, 0x14, 0x14, 0x14, 0x14, 0x00, 0x00, 0x00, 0x00, 0x00, 0x00,
  0x00, 0x00, 0x18, 0x00, 0x00, 0x00, 0x00, 0x00, 0x00, 0x00, 0x00, 0x00, 0x00, 0x00, 0x00, 0x00,
  0x00, 0x00, 0x00, 0x00, 0x08, 0x18, 0x00, 0x20, 0x60, 0x20, 0x20, 0x20, 0x70, 0x00, 0x00, 0x00,
  0x00, 0x00, 0x00, 0x00, 0x00, 0x30, 0x48, 0x48, 0x30, 0x00, 0x78, 0x00, 0x00, 0x00, 0x00, 0x00,
  0x00, 0x00, 0x00, 0x90, 0x48, 0x24, 0x12, 0x24, 0x48, 0x90, 0x00, 0x00, 0x00, 0x00, 0x40, 0xc0,
  0x40, 0x40, 0x42, 0xe6, 0x0a, 0x12, 0x1a, 0x06, 0x00, 0x00, 0x00, 0x40, 0xc0, 0x40, 0x40, 0x4c,
  0xf2, 0x02, 0x0c, 0x10, 0x1e, 0x00, 0x00, 0x00, 0x60, 0x90, 0x20, 0x10, 0x92, 0x66, 0x0a, 0x12,
  0x1a, 0x06, 0x00, 0x00, 0x00, 0x00, 0x10, 0x00, 0x10, 0x10, 0x20, 0x40, 0x42, 0x42, 0x3c, 0x00,
  0x00, 0x00, 0x10, 0x08, 0x00, 0x18, 0x24, 0x42, 0x42, 0x7e, 0x42, 0x42, 0x00, 0x00, 0x00, 0x08,
  0x10, 0x00, 0x18, 0x24, 0x42, 0x42, 0x7e, 0x42, 0x42, 0x00, 0x00, 0x00, 0x18, 0x24, 0x00, 0x18,
  0x24, 0x42, 0x42, 0x7e, 0x42, 0x42, 0x00, 0x00, 0x00, 0x32, 0x4c, 0x00, 0x18, 0x24, 0x42, 0x42,
  0x7e, 0x42, 0x42, 0x00, 0x00, 0x00, 0x24, 0x24, 0x00, 0x18, 0x24, 0x42, 0x42, 0x7e, 0x42, 0x42,
  0x00, 0x00, 0x00, 0x18, 0x24, 0x18, 0x18, 0x24, 0x42, 0x42, 0x7e, 0x42, 0x42, 0x00, 0x00, 0x00,
  0x00, 0x6e, 0x90, 0x90, 0x90, 0x9c, 0xf0, 0x90, 0x90, 0x9e, 0x00, 0x00, 0x00, 0x00, 0x3c, 0x42,
  0x40, 0x40, 0x40, 0x40, 0x40, 0x42, 0x3c, 0x08, 0x10, 0x00, 0x10, 0x08, 0x00, 0x7e, 0x40, 0x40,
  0x78, 0x40, 0x40, 0x7e, 0x00, 0x00, 0x00, 0x08, 0x10, 0x00, 0x7e, 0x40, 0x40, 0x78, 0x40, 0x40,
  0x7e, 0x00, 0x00, 0x00, 0x18, 0x24, 0x00, 0x7e, 0x40, 0x40, 0x78, 0x40, 0x40, 0x7e, 0x00, 0x00,
  0x00, 0x24, 0x24, 0x00, 0x7e, 0x40, 0x40, 0x78, 0x40, 0x40, 0x7e, 0x00, 0x00, 0x00, 0x20, 0x10,
  0x00, 0x7c, 0x10, 0x10, 0x10, 0x10, 0x10, 0x7c, 0x00, 0x00, 0x00, 0x08, 0x10, 0x00, 0x7c, 0x10,
  0x10, 0x10, 0x10, 0x10, 0x7c, 0x00, 0x00, 0x00, 0x18, 0x24, 0x00, 0x7c, 0x10, 0x10, 0x10, 0x10,
  0x10, 0x7c, 0x00, 0x00, 0x00, 0x44, 0x44, 0x00, 0x7c, 0x10, 0x10, 0x10, 0x10, 0x10, 0x7c, 0x00,
  0x00, 0x00, 0x00, 0x78, 0x44, 0x42, 0x42, 0xe2, 0x42, 0x42, 0x44, 0x78, 0x00, 0x00, 0x00, 0x64,
  0x98, 0x00, 0x82, 0xc2, 0xa2, 0x92, 0x8a, 0x86, 0x82, 0x00, 0x00, 0x00, 0x20, 0x10, 0x00, 0x7c,
  0x82, 0x82, 0x82, 0x82, 0x82, 0x7c, 0x00, 0x00, 0x00, 0x08, 0x10, 0x00, 0x7c, 0x82, 0x82, 0x82,
  0x82, 0x82, 0x7c, 0x00, 0x00, 0x00, 0x18, 0x24, 0x00, 0x7c, 0x82, 0x82, 0x82, 0x82, 0x82, 0x7c,
  0x00, 0x00, 0x00, 0x64, 0x98, 0x00, 0x7c, 0x82, 0x82, 0x82, 0x82, 0x82, 0x7c, 0x00, 0x00, 0x00,
  0x44, 0x44, 0x00, 0x7c, 0x82, 0x82, 0x82, 0x82, 0x82, 0x7c, 0x00, 0x00, 0x00, 0x00, 0x00, 0x00,
  0x42, 0x24, 0x18, 0x18, 0x24, 0x42, 0x00, 0x00, 0x00, 0x00, 0x02, 0x3c, 0x46, 0x4a, 0x4a, 0x52,
  0x52, 0x52, 0x62, 0x3c, 0x40, 0x00, 0x00, 0x20, 0x10, 0x00, 0x42, 0x42, 0x42, 0x42, 0x42, 0x42,
  0x3c, 0x00, 0x00, 0x00, 0x08, 0x10, 0x00, 0x42, 0x42, 0x42, 0x42, 0x42, 0x42, 0x3c, 0x00, 0x00,
  0x00, 0x18, 0x24, 0x00, 0x42, 0x42, 0x42, 0x42, 0x42, 0x42, 0x3c, 0x00, 0x00, 0x00, 0x24, 0x24,
  0x00, 0x42, 0x42, 0x42, 0x42, 0x42, 0x42, 0x3c, 0x00, 0x00, 0x00, 0x08, 0x10, 0x00, 0x44, 0x44,
  0x28, 0x10, 0x10, 0x10, 0x10, 0x00, 0x00, 0x00, 0x00, 0x40, 0x7c, 0x42, 0x42, 0x42, 0x7c, 0x40,
  0x40, 0x40, 0x00, 0x00, 0x00, 0x00, 0x38, 0x44, 0x44, 0x48, 0x50, 0x4c, 0x42, 0x42, 0x5c, 0x00,
  0x00, 0x00, 0x00, 0x10, 0x08, 0x00, 0x3c, 0x02, 0x3e, 0x42, 0x46, 0x3a, 0x00, 0x00, 0x00, 0x00,
  0x04, 0x08, 0x00, 0x3c, 0x02, 0x3e, 0x42, 0x46, 0x3a, 0x00, 0x00, 0x00, 0x00, 0x18, 0x24, 0x00,
  0x3c, 0x02, 0x3e, 0x42, 0x46, 0x3a, 0x00, 0x00, 0x00, 0x00, 0x32, 0x4c, 0x00, 0x3c, 0x02, 0x3e,
  0x42, 0x46, 0x3a, 0x00, 0x00, 0x00, 0x00, 0x24, 0x24, 0x00, 0x3c, 0x02, 0x3e, 0x42, 0x46, 0x3a,
  0x00, 0x00, 0x00, 0x18, 0x24, 0x18, 0x00, 0x3c, 0x02, 0x3e, 0x42, 0x46, 0x3a, 0x00, 0x00, 0x00,
  0x00, 0x00, 0x00, 0x00, 0x6c, 0x12, 0x7c, 0x90, 0x92, 0x6c, 0x00, 0x00, 0x00, 0x00, 0x00, 0x00,
  0x00, 0x3c, 0x42, 0x40, 0x40, 0x42, 0x3c, 0x08, 0x10, 0x00, 0x00, 0x10, 0x08, 0x00, 0x3c, 0x42,
  0x7e, 0x40, 0x42, 0x3c, 0x00, 0x00, 0x00, 0x00, 0x08, 0x10, 0x00, 0x3c, 0x42, 0x7e, 0x40, 0x42,
  0x3c, 0x00, 0x00, 0x00, 0x00, 0x18, 0x24, 0x00, 0x3c, 0x42, 0x7e, 0x40, 0x42, 0x3c, 0x00, 0x00,
  0x00, 0x00, 0x24, 0x24, 0x00, 0x3c, 0x42, 0x7e, 0x40, 0x42, 0x3c, 0x00, 0x00, 0x00, 0x00, 0x20,
  0x10, 0x00, 0x30, 0x10, 0x10, 0x10, 0x10, 0x7c, 0x00, 0x00, 0x00, 0x00, 0x10, 0x20, 0x00, 0x30,
  0x10, 0x10, 0x10, 0x10, 0x7c, 0x00, 0x00, 0x00, 0x00, 0x30, 0x48, 0x00, 0x30, 0x10, 0x10, 0x10,
  0x10, 0x7c, 0x00, 0x00, 0x00, 0x00, 0x48, 0x48, 0x00, 0x30, 0x10, 0x10, 0x10, 0x10, 0x7c, 0x00,
  0x00, 0x00, 0x24, 0x18, 0x28, 0x04, 0x3c, 0x42, 0x42, 0x42, 0x42, 0x3c, 0x00, 0x00, 0x00, 0x00,
  0x32, 0x4c, 0x00, 0x5c, 0x62, 0x42, 0x42, 0x42, 0x42, 0x00, 0x00, 0x00, 0x00, 0x20, 0x10, 0x00,
  0x3c, 0x42, 0x42, 0x42, 0x42, 0x3c, 0x00, 0x00, 0x00, 0x00, 0x08, 0x10, 0x00, 0x3c, 0x42, 0x42,
  0x42, 0x42, 0x3c, 0x00, 0x00, 0x00, 0x00, 0x18, 0x24, 0x00, 0x3c, 0x42, 0x42, 0x42, 0x42, 0x3c,
  0x00, 0x00, 0x00, 0x00, 0x32, 0x4c, 0x00, 0x3c, 0x42, 0x42, 0x42, 0x42, 0x3c, 0x00, 0x00, 0x00,
  0x00, 0x24, 0x24, 0x00, 0x3c, 0x42, 0x42, 0x42, 0x42, 0x3c, 0x00, 0x00, 0x00, 0x00, 0x00, 0x10,
  0x10, 0x00, 0x7c, 0x00, 0x10, 0x10, 0x00, 0x00, 0x00, 0x00, 0x00, 0x00, 0x00, 0x02, 0x3c, 0x46,
  0x4a, 0x52, 0x62, 0x3c, 0x40, 0x00, 0x00, 0x00, 0x20, 0x10, 0x00, 0x44, 0x44, 0x44, 0x44, 0x44,
  0x3a, 0x00, 0x00, 0x00, 0x00, 0x08, 0x10, 0x00, 0x44, 0x44, 0x44, 0x44, 0x44, 0x3a, 0x00, 0x00,
  0x00, 0x00, 0x18, 0x24, 0x00, 0x44, 0x44, 0x44, 0x44, 0x44, 0x3a, 0x00, 0x00, 0x00, 0x00, 0x28,
  0x28, 0x00, 0x44, 0x44, 0x44, 0x44, 0x44, 0x3a, 0x00, 0x00, 0x00, 0x00, 0x08, 0x10, 0x00, 0x42,
  0x42, 0x42, 0x46, 0x3a, 0x02, 0x42, 0x3c, 0x00, 0x00, 0x00, 0x40, 0x40, 0x5c, 0x62, 0x42, 0x42,
  0x62, 0x5c, 0x40, 0x40, 0x00, 0x00, 0x24, 0x24, 0x00, 0x42, 0x42, 0x42, 0x46, 0x3a, 0x02, 0x42,
  0x3c
};


// array size is 2065
static const uint8_t font5x8_ISO8859_1[]  = {
  0x46, 0x4f, 0x4e, 0x54, 0x58, 0x32, 0x4d, 0x49, 0x53, 0x43, 0x20, 0x20, 0x20, 0x20, 0x05, 0x08,
  0x00, 0x00, 0xa0, 0x10, 0x80, 0x10, 0x80, 0x50, 0x00, 0x00, 0x00, 0x20, 0x70, 0xf8, 0x70, 0x20,
  0x00, 0x50, 0xa8, 0x50, 0xa8, 0x50, 0xa8, 0x50, 0xa8, 0xa0, 0xa0, 0xe0, 0xa0, 0xa0, 0x70, 0x20,
  0x20, 0xe0, 0x80, 0xc0, 0xb8, 0xa0, 0x30, 0x20, 0x20, 0x60, 0x80, 0x80, 0x60, 0x30, 0x28, 0x30,
  0x28, 0x80, 0x80, 0x80, 0xe0, 0x38, 0x20, 0x30, 0x20, 0x00, 0x20, 0x50, 0x20, 0x00, 0x00, 0x00,
  0x00, 0x00, 0x00, 0x20, 0x70, 0x20, 0x00, 0x70, 0x00, 0x90, 0xd0, 0xb0, 0x90, 0x20, 0x20, 0x20,
  0x38, 0xa0, 0xa0, 0xa0, 0x40, 0x38, 0x10, 0x10, 0x10, 0x20, 0x20, 0x20, 0xe0, 0x00, 0x00, 0x00,
  0x00, 0x00, 0x00, 0x00, 0xe0, 0x20, 0x20, 0x20, 0x20, 0x00, 0x00, 0x00, 0x38, 0x20, 0x20, 0x20,
  0x20, 0x20, 0x20, 0x20, 0x38, 0x00, 0x00, 0x00, 0x00, 0x20, 0x20, 0x20, 0xf8, 0x20, 0x20, 0x20,
  0x20, 0xf8, 0x00, 0x00, 0x00, 0x00, 0x00, 0x00, 0x00, 0x00, 0xf8, 0x00, 0x00, 0x00, 0x00, 0x00,
  0x00, 0x00, 0x00, 0x00, 0xf8, 0x00, 0x00, 0x00, 0x00, 0x00, 0x00, 0x00, 0x00, 0x00, 0x00, 0xf8,
  0x00, 0x00, 0x00, 0x00, 0x00, 0x00, 0x00, 0x00, 0xf8, 0x20, 0x20, 0x20, 0x38, 0x20, 0x20, 0x20,
  0x20, 0x20, 0x20, 0x20, 0xe0, 0x20, 0x20, 0x20, 0x20, 0x20, 0x20, 0x20, 0xf8, 0x00, 0x00, 0x00,
  0x00, 0x00, 0x00, 0x00, 0xf8, 0x20, 0x20, 0x20, 0x20, 0x20, 0x20, 0x20, 0x20, 0x20, 0x20, 0x20,
  0x20, 0x00, 0x10, 0x20, 0x40, 0x20, 0x10, 0x70, 0x00, 0x00, 0x40, 0x20, 0x10, 0x20, 0x40, 0x70,
  0x00, 0x00, 0x00, 0x00, 0xf8, 0x50, 0x50, 0x50, 0x00, 0x00, 0x00, 0x20, 0xf0, 0x60, 0xf0, 0x40,
  0x00, 0x00, 0x20, 0x50, 0xe0, 0x40, 0x50, 0xa0, 0x00, 0x00, 0x00, 0x00, 0x00, 0x20, 0x00, 0x00,
  0x00, 0x00, 0x00, 0x00, 0x00, 0x00, 0x00, 0x00, 0x00, 0x00, 0x20, 0x20, 0x20, 0x20, 0x00, 0x20,
  0x00, 0x00, 0x50, 0x50, 0x50, 0x00, 0x00, 0x00, 0x00, 0x50, 0x50, 0xf8, 0x50, 0xf8, 0x50, 0x50,
  0x00, 0x20, 0x70, 0xa0, 0x70, 0x28, 0x70, 0x20, 0x00, 0x00, 0x40, 0x50, 0x20, 0x50, 0x10, 0x00,
  0x00, 0x40, 0xa0, 0xa0, 0x40, 0xa0, 0xa0, 0x50, 0x00, 0x00, 0x20, 0x20, 0x20, 0x00, 0x00, 0x00,
  0x00, 0x00, 0x20, 0x40, 0x40, 0x40, 0x40, 0x20, 0x00, 0x00, 0x40, 0x20, 0x20, 0x20, 0x20, 0x40,
  0x00, 0x00, 0x00, 0x90, 0x60, 0xf0, 0x60, 0x90, 0x00, 0x00, 0x00, 0x20, 0x20, 0xf8, 0x20, 0x20,
  0x00, 0x00, 0x00, 0x00, 0x00, 0x00, 0x30, 0x20, 0x40, 0x00, 0x00, 0x00, 0x00, 0xf0, 0x00, 0x00,
  0x00, 0x00, 0x00, 0x00, 0x00, 0x00, 0x20, 0x70, 0x20, 0x00, 0x10, 0x10, 0x20, 0x40, 0x80, 0x80,
  0x00, 0x00, 0x20, 0x50, 0x50, 0x50, 0x50, 0x20, 0x00, 0x00, 0x20, 0x60, 0x20, 0x20, 0x20, 0x70,
  0x00, 0x00, 0x60, 0x90, 0x10, 0x60, 0x80, 0xf0, 0x00, 0x00, 0xf0, 0x20, 0x60, 0x10, 0x90, 0x60,
  0x00, 0x00, 0x20, 0x60, 0xa0, 0xf0, 0x20, 0x20, 0x00, 0x00, 0xf0, 0x80, 0xe0, 0x10, 0x90, 0x60,
  0x00, 0x00, 0x60, 0x80, 0xe0, 0x90, 0x90, 0x60, 0x00, 0x00, 0xf0, 0x10, 0x20, 0x20, 0x40, 0x40,
  0x00, 0x00, 0x60, 0x90, 0x60, 0x90, 0x90, 0x60, 0x00, 0x00, 0x60, 0x90, 0x90, 0x70, 0x10, 0x60,
  0x00, 0x00, 0x00, 0x60, 0x60, 0x00, 0x60, 0x60, 0x00, 0x00, 0x00, 0x30, 0x30, 0x00, 0x30, 0x20,
  0x40, 0x00, 0x10, 0x20, 0x40, 0x40, 0x20, 0x10, 0x00, 0x00, 0x00, 0x00, 0xf0, 0x00, 0xf0, 0x00,
  0x00, 0x00, 0x40, 0x20, 0x10, 0x10, 0x20, 0x40, 0x00, 0x00, 0x20, 0x50, 0x10, 0x20, 0x00, 0x20,
  0x00, 0x30, 0x48, 0x98, 0xa8, 0xa8, 0x90, 0x40, 0x30, 0x00, 0x60, 0x90, 0x90, 0xf0, 0x90, 0x90,
  0x00, 0x00, 0xe0, 0x90, 0xe0, 0x90, 0x90, 0xe0, 0x00, 0x00, 0x60, 0x90, 0x80, 0x80, 0x90, 0x60,
  0x00, 0x00, 0xe0, 0x90, 0x90, 0x90, 0x90, 0xe0, 0x00, 0x00, 0xf0, 0x80, 0xe0, 0x80, 0x80, 0xf0,
  0x00, 0x00, 0xf0, 0x80, 0xe0, 0x80, 0x80, 0x80, 0x00, 0x00, 0x60, 0x90, 0x80, 0xb0, 0x90, 0x60,
  0x00, 0x00, 0x90, 0x90, 0xf0, 0x90, 0x90, 0x90, 0x00, 0x00, 0x70, 0x20, 0x20, 0x20, 0x20, 0x70,
  0x00, 0x00, 0x70, 0x20, 0x20, 0x20, 0xa0, 0x40, 0x00, 0x00, 0x90, 0xa0, 0xc0, 0xa0, 0xa0, 0x90,
  0x00, 0x00, 0x80, 0x80, 0x80, 0x80, 0x80, 0xf0, 0x00, 0x00, 0x90, 0xf0, 0xf0, 0x90, 0x90, 0x90,
  0x00, 0x00, 0x90, 0xd0, 0xf0, 0xb0, 0xb0, 0x90, 0x00, 0x00, 0x60, 0x90, 0x90, 0x90, 0x90, 0x60,
  0x00, 0x00, 0xe0, 0x90, 0x90, 0xe0, 0x80, 0x80, 0x00, 0x00, 0x60, 0x90, 0x90, 0xd0, 0xb0, 0x60,
  0x10, 0x00, 0xe0, 0x90, 0x90, 0xe0, 0x90, 0x90, 0x00, 0x00, 0x60, 0x90, 0x40, 0x20, 0x90, 0x60,
  0x00, 0x00, 0x70, 0x20, 0x20, 0x20, 0x20, 0x20, 0x00, 0x00, 0x90, 0x90, 0x90, 0x90, 0x90, 0x60,
  0x00, 0x00, 0x90, 0x90, 0x90, 0x90, 0x60, 0x60, 0x00, 0x00, 0x90, 0x90, 0x90, 0xf0, 0xf0, 0x90,
  0x00, 0x00, 0x90, 0x90, 0x60, 0x60, 0x90, 0x90, 0x00, 0x00, 0x88, 0x88, 0x50, 0x20, 0x20, 0x20,
  0x00, 0x00, 0xf0, 0x10, 0x20, 0x40, 0x80, 0xf0, 0x00, 0x00, 0x70, 0x40, 0x40, 0x40, 0x40, 0x70,
  0x00, 0x00, 0x80, 0x80, 0x40, 0x20, 0x10, 0x10, 0x00, 0x00, 0x70, 0x10, 0x10, 0x10, 0x10, 0x70,
  0x00, 0x00, 0x20, 0x50, 0x00, 0x00, 0x00, 0x00, 0x00, 0x00, 0x00, 0x00, 0x00, 0x00, 0x00, 0x00,
  0xf0, 0x00, 0x40, 0x20, 0x00, 0x00, 0x00, 0x00, 0x00, 0x00, 0x00, 0x00, 0x70, 0x90, 0x90, 0x70,
  0x00, 0x00, 0x80, 0x80, 0xe0, 0x90, 0x90, 0xe0, 0x00, 0x00, 0x00, 0x00, 0x30, 0x40, 0x40, 0x30,
  0x00, 0x00, 0x10, 0x10, 0x70, 0x90, 0x90, 0x70, 0x00, 0x00, 0x00, 0x00, 0x60, 0xb0, 0xc0, 0x60,
  0x00, 0x00, 0x20, 0x50, 0x40, 0xe0, 0x40, 0x40, 0x00, 0x00, 0x00, 0x00, 0x60, 0x90, 0x70, 0x10,
  0x60, 0x00, 0x80, 0x80, 0xe0, 0x90, 0x90, 0x90, 0x00, 0x00, 0x20, 0x00, 0x60, 0x20, 0x20, 0x70,
  0x00, 0x00, 0x10, 0x00, 0x10, 0x10, 0x10, 0x50, 0x20, 0x00, 0x80, 0x80, 0x90, 0xe0, 0x90, 0x90,
  0x00, 0x00, 0x60, 0x20, 0x20, 0x20, 0x20, 0x70, 0x00, 0x00, 0x00, 0x00, 0xd0, 0xa8, 0xa8, 0xa8,
  0x00, 0x00, 0x00, 0x00, 0xe0, 0x90, 0x90, 0x90, 0x00, 0x00, 0x00, 0x00, 0x60, 0x90, 0x90, 0x60,
  0x00, 0x00, 0x00, 0x00, 0xe0, 0x90, 0xe0, 0x80, 0x80, 0x00, 0x00, 0x00, 0x70, 0x90, 0x70, 0x10,
  0x10, 0x00, 0x00, 0x00, 0xa0, 0xd0, 0x80, 0x80, 0x00, 0x00, 0x00, 0x00, 0x30, 0x60, 0x10, 0x60,
  0x00, 0x00, 0x40, 0x40, 0xe0, 0x40, 0x50, 0x20, 0x00, 0x00, 0x00, 0x00, 0x90, 0x90, 0x90, 0x70,
  0x00, 0x00, 0x00, 0x00, 0x50, 0x50, 0x50, 0x20, 0x00, 0x00, 0x00, 0x00, 0x88, 0xa8, 0xa8, 0x50,
  0x00, 0x00, 0x00, 0x00, 0x90, 0x60, 0x60, 0x90, 0x00, 0x00, 0x00, 0x00, 0x90, 0x90, 0x70, 0x90,
  0x60, 0x00, 0x00, 0x00, 0xf0, 0x20, 0x40, 0xf0, 0x00, 0x30, 0x40, 0x20, 0xc0, 0x20, 0x40, 0x30,
  0x00, 0x00, 0x20, 0x20, 0x20, 0x20, 0x20, 0x20, 0x00, 0xc0, 0x20, 0x40, 0x30, 0x40, 0x20, 0xc0,
  0x00, 0x00, 0x50, 0xa0, 0x00, 0x00, 0x00, 0x00, 0x00, 0x00, 0x00, 0x00, 0x00, 0x00, 0x00, 0x00,
  0x00, 0x00, 0x00, 0x00, 0x00, 0x00, 0x00, 0x00, 0x00, 0x00, 0x00, 0x00, 0x00, 0x00, 0x00, 0x00,
  0x00, 0x00, 0x00, 0x00, 0x00, 0x00, 0x00, 0x00, 0x00, 0x00, 0x00, 0x00, 0x00, 0x00, 0x00, 0x00,
  0x00, 0x00, 0x00, 0x00, 0x00, 0x00, 0x00, 0x00, 0x00, 0x00, 0x00, 0x00, 0x00, 0x00, 0x00, 0x00,
  0x00, 0x00, 0x00, 0x00, 0x00, 0x00, 0x00, 0x00, 0x00, 0x00, 0x00, 0x00, 0x00, 0x00, 0x00, 0x00,
  0x00, 0x00, 0x00, 0x00, 0x00, 0x00, 0x00, 0x00, 0x00, 0x00, 0x00, 0x00, 0x00, 0x00, 0x00, 0x00,
  0x00, 0x00, 0x00, 0x00, 0x00, 0x00, 0x00, 0x00, 0x00, 0x00, 0x00, 0x00, 0x00, 0x00, 0x00, 0x00,
  0x00, 0x00, 0x00, 0x00, 0x00, 0x00, 0x00, 0x00, 0x00, 0x00, 0x00, 0x00, 0x00, 0x00, 0x00, 0x00,
  0x00, 0x00, 0x00, 0x00, 0x00, 0x00, 0x00, 0x00, 0x00, 0x00, 0x00, 0x00, 0x00, 0x00, 0x00, 0x00,
  0x00, 0x00, 0x00, 0x00, 0x00, 0x00, 0x00, 0x00, 0x00, 0x00, 0x00, 0x00, 0x00, 0x00, 0x00, 0x00,
  0x00, 0x00, 0x00, 0x00, 0x00, 0x00, 0x00, 0x00, 0x00, 0x00, 0x00, 0x00, 0x00, 0x00, 0x00, 0x00,
  0x00, 0x00, 0x00, 0x00, 0x00, 0x00, 0x00, 0x00, 0x00, 0x00, 0x00, 0x00, 0x00, 0x00, 0x00, 0x00,
  0x00, 0x00, 0x00, 0x00, 0x00, 0x00, 0x00, 0x00, 0x00, 0x00, 0x00, 0x00, 0x00, 0x00, 0x00, 0x00,
  0x00, 0x00, 0x00, 0x00, 0x00, 0x00, 0x00, 0x00, 0x00, 0x00, 0x00, 0x00, 0x00, 0x00, 0x00, 0x00,
  0x00, 0x00, 0x00, 0x00, 0x00, 0x00, 0x00, 0x00, 0x00, 0x00, 0x00, 0x00, 0x00, 0x00, 0x00, 0x00,
  0x00, 0x00, 0x00, 0x00, 0x00, 0x00, 0x00, 0x00, 0x00, 0x00, 0x00, 0x00, 0x00, 0x00, 0x00, 0x00,
  0x00, 0x00, 0x00, 0x00, 0x00, 0x00, 0x00, 0x00, 0x00, 0x00, 0x00, 0x00, 0x00, 0x00, 0x00, 0x00,
  0x00, 0x00, 0x00, 0x00, 0x00, 0x00, 0x00, 0x00, 0x00, 0x00, 0x20, 0x00, 0x20, 0x20, 0x20, 0x20,
  0x00, 0x00, 0x00, 0x20, 0x70, 0xa0, 0xa0, 0x70, 0x20, 0x00, 0x20, 0x50, 0xe0, 0x40, 0x50, 0xa0,
  0x00, 0x00, 0x00, 0x88, 0x70, 0x50, 0x70, 0x88, 0x00, 0x00, 0x88, 0x50, 0xf8, 0x20, 0xf8, 0x20,
  0x00, 0x20, 0x20, 0x20, 0x00, 0x20, 0x20, 0x20, 0x00, 0x70, 0x80, 0xe0, 0x90, 0x70, 0x10, 0xe0,
  0x00, 0x00, 0x50, 0x00, 0x00, 0x00, 0x00, 0x00, 0x00, 0x00, 0x70, 0xa8, 0xc8, 0xc8, 0xa8, 0x70,
  0x00, 0x30, 0x50, 0x30, 0x00, 0x70, 0x00, 0x00, 0x00, 0x00, 0x00, 0x00, 0x50, 0xa0, 0x50, 0x00,
  0x00, 0x00, 0x00, 0x00, 0x00, 0x70, 0x10, 0x10, 0x00, 0x00, 0x00, 0x00, 0x00, 0x70, 0x00, 0x00,
  0x00, 0x00, 0x70, 0xe8, 0xd8, 0xe8, 0xd8, 0x70, 0x00, 0x00, 0x70, 0x00, 0x00, 0x00, 0x00, 0x00,
  0x00, 0x00, 0x20, 0x50, 0x20, 0x00, 0x00, 0x00, 0x00, 0x00, 0x00, 0x20, 0x70, 0x20, 0x00, 0x70,
  0x00, 0x20, 0x50, 0x10, 0x20, 0x70, 0x00, 0x00, 0x00, 0x60, 0x10, 0x60, 0x10, 0x60, 0x00, 0x00,
  0x00, 0x00, 0x20, 0x40, 0x00, 0x00, 0x00, 0x00, 0x00, 0x00, 0x00, 0x00, 0x90, 0x90, 0x90, 0xe0,
  0x80, 0x00, 0x78, 0xe8, 0xe8, 0x68, 0x28, 0x28, 0x00, 0x00, 0x00, 0x00, 0x00, 0x20, 0x00, 0x00,
  0x00, 0x00, 0x00, 0x00, 0x00, 0x00, 0x00, 0x20, 0x40, 0x20, 0x60, 0x20, 0x20, 0x70, 0x00, 0x00,
  0x00, 0x20, 0x50, 0x20, 0x00, 0x70, 0x00, 0x00, 0x00, 0x00, 0x00, 0x00, 0xa0, 0x50, 0xa0, 0x00,
  0x00, 0x80, 0x80, 0x80, 0xa0, 0x60, 0xf0, 0x20, 0x00, 0x80, 0x80, 0xa0, 0xd0, 0x10, 0x20, 0x70,
  0x00, 0x80, 0x40, 0x80, 0x60, 0xa0, 0xf0, 0x20, 0x00, 0x00, 0x20, 0x00, 0x20, 0x40, 0x50, 0x20,
  0x00, 0x40, 0x20, 0x60, 0x90, 0xf0, 0x90, 0x90, 0x00, 0x20, 0x40, 0x60, 0x90, 0xf0, 0x90, 0x90,
  0x00, 0x60, 0x90, 0x60, 0x90, 0xf0, 0x90, 0x90, 0x00, 0x50, 0xa0, 0x60, 0x90, 0xf0, 0x90, 0x90,
  0x00, 0x90, 0x00, 0x60, 0x90, 0xf0, 0x90, 0x90, 0x00, 0x60, 0x90, 0x60, 0x90, 0xf0, 0x90, 0x90,
  0x00, 0x00, 0x70, 0xa0, 0xa0, 0xf0, 0xa0, 0xb0, 0x00, 0x00, 0x60, 0x90, 0x80, 0x80, 0x90, 0x60,
  0x40, 0x40, 0x20, 0xf0, 0x80, 0xe0, 0x80, 0xf0, 0x00, 0x20, 0x40, 0xf0, 0x80, 0xe0, 0x80, 0xf0,
  0x00, 0x60, 0x90, 0xf0, 0x80, 0xe0, 0x80, 0xf0, 0x00, 0x90, 0x00, 0xf0, 0x80, 0xe0, 0x80, 0xf0,
  0x00, 0x40, 0x20, 0x70, 0x20, 0x20, 0x20, 0x70, 0x00, 0x10, 0x20, 0x70, 0x20, 0x20, 0x20, 0x70,
  0x00, 0x20, 0x50, 0x70, 0x20, 0x20, 0x20, 0x70, 0x00, 0x50, 0x00, 0x70, 0x20, 0x20, 0x20, 0x70,
  0x00, 0x00, 0x70, 0x48, 0xe8, 0x48, 0x48, 0x70, 0x00, 0x50, 0xa0, 0x90, 0xd0, 0xb0, 0x90, 0x90,
  0x00, 0x40, 0x20, 0x60, 0x90, 0x90, 0x90, 0x60, 0x00, 0x20, 0x40, 0x60, 0x90, 0x90, 0x90, 0x60,
  0x00, 0x60, 0x90, 0x60, 0x90, 0x90, 0x90, 0x60, 0x00, 0x50, 0xa0, 0x60, 0x90, 0x90, 0x90, 0x60,
  0x00, 0x90, 0x00, 0x60, 0x90, 0x90, 0x90, 0x60, 0x00, 0x00, 0x00, 0x00, 0x00, 0x50, 0x20, 0x50,
  0x00, 0x00, 0x70, 0xb0, 0xb0, 0xd0, 0xd0, 0xe0, 0x00, 0x40, 0x20, 0x90, 0x90, 0x90, 0x90, 0x60,
  0x00, 0x20, 0x40, 0x90, 0x90, 0x90, 0x90, 0x60, 0x00, 0x60, 0x90, 0x90, 0x90, 0x90, 0x90, 0x60,
  0x00, 0x90, 0x00, 0x90, 0x90, 0x90, 0x90, 0x60, 0x00, 0x10, 0x20, 0x88, 0x50, 0x20, 0x20, 0x20,
  0x00, 0x00, 0x80, 0xe0, 0x90, 0x90, 0xe0, 0x80, 0x00, 0x00, 0x60, 0x90, 0xa0, 0xa0, 0x90, 0xa0,
  0x00, 0x40, 0x20, 0x00, 0x70, 0x90, 0x90, 0x70, 0x00, 0x20, 0x40, 0x00, 0x70, 0x90, 0x90, 0x70,
  0x00, 0x20, 0x50, 0x00, 0x70, 0x90, 0x90, 0x70, 0x00, 0x50, 0xa0, 0x00, 0x70, 0x90, 0x90, 0x70,
  0x00, 0x00, 0x50, 0x00, 0x70, 0x90, 0x90, 0x70, 0x00, 0x60, 0x90, 0x60, 0x70, 0x90, 0x90, 0x70,
  0x00, 0x00, 0x00, 0x00, 0xf0, 0x68, 0xb0, 0x78, 0x00, 0x00, 0x00, 0x00, 0x30, 0x40, 0x40, 0x30,
  0x20, 0x40, 0x20, 0x00, 0x60, 0xb0, 0xc0, 0x60, 0x00, 0x20, 0x40, 0x00, 0x60, 0xb0, 0xc0, 0x60,
  0x00, 0x60, 0x90, 0x00, 0x60, 0xb0, 0xc0, 0x60, 0x00, 0x00, 0x50, 0x00, 0x60, 0xb0, 0xc0, 0x60,
  0x00, 0x40, 0x20, 0x00, 0x60, 0x20, 0x20, 0x70, 0x00, 0x10, 0x20, 0x00, 0x60, 0x20, 0x20, 0x70,
  0x00, 0x20, 0x50, 0x00, 0x60, 0x20, 0x20, 0x70, 0x00, 0x00, 0x50, 0x00, 0x60, 0x20, 0x20, 0x70,
  0x00, 0xa0, 0x40, 0xa0, 0x10, 0x70, 0x90, 0x60, 0x00, 0x50, 0xa0, 0x00, 0xe0, 0x90, 0x90, 0x90,
  0x00, 0x40, 0x20, 0x00, 0x60, 0x90, 0x90, 0x60, 0x00, 0x20, 0x40, 0x00, 0x60, 0x90, 0x90, 0x60,
  0x00, 0x60, 0x90, 0x00, 0x60, 0x90, 0x90, 0x60, 0x00, 0x50, 0xa0, 0x00, 0x60, 0x90, 0x90, 0x60,
  0x00, 0x00, 0x90, 0x00, 0x60, 0x90, 0x90, 0x60, 0x00, 0x00, 0x00, 0x20, 0x00, 0x70, 0x00, 0x20,
  0x00, 0x00, 0x00, 0x00, 0x70, 0xb0, 0xd0, 0xe0, 0x00, 0x40, 0x20, 0x00, 0x90, 0x90, 0x90, 0x70,
  0x00, 0x20, 0x40, 0x00, 0x90, 0x90, 0x90, 0x70, 0x00, 0x60, 0x90, 0x00, 0x90, 0x90, 0x90, 0x70,
  0x00, 0x00, 0x90, 0x00, 0x90, 0x90, 0x90, 0x70, 0x00, 0x20, 0x40, 0x00, 0x90, 0x90, 0x70, 0x90,
  0x60, 0x00, 0x80, 0x80, 0xe0, 0x90, 0xe0, 0x80, 0x80, 0x00, 0x90, 0x00, 0x90, 0x90, 0x70, 0x90,
  0x60
};


// array size is 7697
static const uint8_t font9x15_ISO8859_1[]  = {
  0x46, 0x4f, 0x4e, 0x54, 0x58, 0x32, 0x4d, 0x49, 0x53, 0x43, 0x20, 0x20, 0x20, 0x20, 0x09, 0x0f,
  0x00, 0x00, 0x00, 0x00, 0x00, 0x6d, 0x00, 0x01, 0x00, 0x40, 0x00, 0x41, 0x00, 0x01, 0x00, 0x40,
  0x00, 0x41, 0x00, 0x01, 0x00, 0x40, 0x00, 0x5b, 0x00, 0x00, 0x00, 0x00, 0x00, 0x00, 0x00, 0x00,
  0x00, 0x00, 0x00, 0x00, 0x00, 0x08, 0x00, 0x1c, 0x00, 0x3e, 0x00, 0x7f, 0x00, 0xff, 0x80, 0x7f,
  0x00, 0x3e, 0x00, 0x1c, 0x00, 0x08, 0x00, 0x00, 0x00, 0x00, 0x00, 0x00, 0x00, 0xaa, 0x80, 0x55,
  0x00, 0xaa, 0x80, 0x55, 0x00, 0xaa, 0x80, 0x55, 0x00, 0xaa, 0x80, 0x55, 0x00, 0xaa, 0x80, 0x55,
  0x00, 0xaa, 0x80, 0x55, 0x00, 0xaa, 0x80, 0x55, 0x00, 0xaa, 0x80, 0x00, 0x00, 0x48, 0x00, 0x48,
  0x00, 0x78, 0x00, 0x48, 0x00, 0x48, 0x00, 0x00, 0x00, 0x1f, 0x00, 0x04, 0x00, 0x04, 0x00, 0x04,
  0x00, 0x04, 0x00, 0x00, 0x00, 0x00, 0x00, 0x00, 0x00, 0x00, 0x00, 0x00, 0x00, 0x78, 0x00, 0x40,
  0x00, 0x70, 0x00, 0x40, 0x00, 0x4f, 0x00, 0x48, 0x00, 0x0e, 0x00, 0x08, 0x00, 0x08, 0x00, 0x08,
  0x00, 0x00, 0x00, 0x00, 0x00, 0x00, 0x00, 0x00, 0x00, 0x38, 0x00, 0x40, 0x00, 0x40, 0x00, 0x40,
  0x00, 0x38, 0x00, 0x00, 0x00, 0x0e, 0x00, 0x09, 0x00, 0x0e, 0x00, 0x09, 0x00, 0x09, 0x00, 0x00,
  0x00, 0x00, 0x00, 0x00, 0x00, 0x00, 0x00, 0x40, 0x00, 0x40, 0x00, 0x40, 0x00, 0x40, 0x00, 0x78,
  0x00, 0x00, 0x00, 0x0f, 0x00, 0x08, 0x00, 0x0e, 0x00, 0x08, 0x00, 0x08, 0x00, 0x00, 0x00, 0x00,
  0x00, 0x00, 0x00, 0x00, 0x00, 0x00, 0x00, 0x0c, 0x00, 0x12, 0x00, 0x12, 0x00, 0x0c, 0x00, 0x00,
  0x00, 0x00, 0x00, 0x00, 0x00, 0x00, 0x00, 0x00, 0x00, 0x00, 0x00, 0x00, 0x00, 0x00, 0x00, 0x00,
  0x00, 0x00, 0x00, 0x00, 0x00, 0x08, 0x00, 0x08, 0x00, 0x08, 0x00, 0x7f, 0x00, 0x08, 0x00, 0x08,
  0x00, 0x08, 0x00, 0x00, 0x00, 0x7f, 0x00, 0x00, 0x00, 0x00, 0x00, 0x00, 0x00, 0x00, 0x00, 0x00,
  0x00, 0x44, 0x00, 0x64, 0x00, 0x54, 0x00, 0x4c, 0x00, 0x44, 0x00, 0x00, 0x00, 0x08, 0x00, 0x08,
  0x00, 0x08, 0x00, 0x08, 0x00, 0x0f, 0x00, 0x00, 0x00, 0x00, 0x00, 0x00, 0x00, 0x00, 0x00, 0x44,
  0x00, 0x44, 0x00, 0x28, 0x00, 0x28, 0x00, 0x10, 0x00, 0x00, 0x00, 0x1f, 0x00, 0x04, 0x00, 0x04,
  0x00, 0x04, 0x00, 0x04, 0x00, 0x00, 0x00, 0x00, 0x00, 0x00, 0x00, 0x08, 0x00, 0x08, 0x00, 0x08,
  0x00, 0x08, 0x00, 0x08, 0x00, 0x08, 0x00, 0x08, 0x00, 0xf8, 0x00, 0x00, 0x00, 0x00, 0x00, 0x00,
  0x00, 0x00, 0x00, 0x00, 0x00, 0x00, 0x00, 0x00, 0x00, 0x00, 0x00, 0x00, 0x00, 0x00, 0x00, 0x00,
  0x00, 0x00, 0x00, 0x00, 0x00, 0x00, 0x00, 0xf8, 0x00, 0x08, 0x00, 0x08, 0x00, 0x08, 0x00, 0x08,
  0x00, 0x08, 0x00, 0x08, 0x00, 0x08, 0x00, 0x00, 0x00, 0x00, 0x00, 0x00, 0x00, 0x00, 0x00, 0x00,
  0x00, 0x00, 0x00, 0x00, 0x00, 0x0f, 0x80, 0x08, 0x00, 0x08, 0x00, 0x08, 0x00, 0x08, 0x00, 0x08,
  0x00, 0x08, 0x00, 0x08, 0x00, 0x08, 0x00, 0x08, 0x00, 0x08, 0x00, 0x08, 0x00, 0x08, 0x00, 0x08,
  0x00, 0x08, 0x00, 0x0f, 0x80, 0x00, 0x00, 0x00, 0x00, 0x00, 0x00, 0x00, 0x00, 0x00, 0x00, 0x00,
  0x00, 0x00, 0x00, 0x08, 0x00, 0x08, 0x00, 0x08, 0x00, 0x08, 0x00, 0x08, 0x00, 0x08, 0x00, 0x08,
  0x00, 0xff, 0x80, 0x08, 0x00, 0x08, 0x00, 0x08, 0x00, 0x08, 0x00, 0x08, 0x00, 0x08, 0x00, 0x08,
  0x00, 0xff, 0x80, 0x00, 0x00, 0x00, 0x00, 0x00, 0x00, 0x00, 0x00, 0x00, 0x00, 0x00, 0x00, 0x00,
  0x00, 0x00, 0x00, 0x00, 0x00, 0x00, 0x00, 0x00, 0x00, 0x00, 0x00, 0x00, 0x00, 0x00, 0x00, 0x00,
  0x00, 0x00, 0x00, 0x00, 0x00, 0xff, 0x80, 0x00, 0x00, 0x00, 0x00, 0x00, 0x00, 0x00, 0x00, 0x00,
  0x00, 0x00, 0x00, 0x00, 0x00, 0x00, 0x00, 0x00, 0x00, 0x00, 0x00, 0x00, 0x00, 0x00, 0x00, 0x00,
  0x00, 0x00, 0x00, 0x00, 0x00, 0x00, 0x00, 0x00, 0x00, 0x00, 0x00, 0xff, 0x80, 0x00, 0x00, 0x00,
  0x00, 0x00, 0x00, 0x00, 0x00, 0x00, 0x00, 0x00, 0x00, 0x00, 0x00, 0x00, 0x00, 0x00, 0x00, 0x00,
  0x00, 0x00, 0x00, 0x00, 0x00, 0x00, 0x00, 0x00, 0x00, 0x00, 0x00, 0x00, 0x00, 0x00, 0x00, 0x00,
  0x00, 0xff, 0x80, 0x00, 0x00, 0x00, 0x00, 0x00, 0x00, 0x00, 0x00, 0x00, 0x00, 0x00, 0x00, 0x00,
  0x00, 0x00, 0x00, 0x00, 0x00, 0x00, 0x00, 0x00, 0x00, 0x00, 0x00, 0x00, 0x00, 0x00, 0x00, 0x00,
  0x00, 0x00, 0x00, 0x00, 0x00, 0xff, 0x80, 0x08, 0x00, 0x08, 0x00, 0x08, 0x00, 0x08, 0x00, 0x08,
  0x00, 0x08, 0x00, 0x08, 0x00, 0x0f, 0x80, 0x08, 0x00, 0x08, 0x00, 0x08, 0x00, 0x08, 0x00, 0x08,
  0x00, 0x08, 0x00, 0x08, 0x00, 0x08, 0x00, 0x08, 0x00, 0x08, 0x00, 0x08, 0x00, 0x08, 0x00, 0x08,
  0x00, 0x08, 0x00, 0xf8, 0x00, 0x08, 0x00, 0x08, 0x00, 0x08, 0x00, 0x08, 0x00, 0x08, 0x00, 0x08,
  0x00, 0x08, 0x00, 0x08, 0x00, 0x08, 0x00, 0x08, 0x00, 0x08, 0x00, 0x08, 0x00, 0x08, 0x00, 0x08,
  0x00, 0xff, 0x80, 0x00, 0x00, 0x00, 0x00, 0x00, 0x00, 0x00, 0x00, 0x00, 0x00, 0x00, 0x00, 0x00,
  0x00, 0x00, 0x00, 0x00, 0x00, 0x00, 0x00, 0x00, 0x00, 0x00, 0x00, 0x00, 0x00, 0x00, 0x00, 0xff,
  0x80, 0x08, 0x00, 0x08, 0x00, 0x08, 0x00, 0x08, 0x00, 0x08, 0x00, 0x08, 0x00, 0x08, 0x00, 0x08,
  0x00, 0x08, 0x00, 0x08, 0x00, 0x08, 0x00, 0x08, 0x00, 0x08, 0x00, 0x08, 0x00, 0x08, 0x00, 0x08,
  0x00, 0x08, 0x00, 0x08, 0x00, 0x08, 0x00, 0x08, 0x00, 0x08, 0x00, 0x08, 0x00, 0x00, 0x00, 0x00,
  0x00, 0x00, 0x00, 0x00, 0x00, 0x03, 0x00, 0x1c, 0x00, 0x60, 0x00, 0x1c, 0x00, 0x03, 0x00, 0x00,
  0x00, 0x7f, 0x00, 0x00, 0x00, 0x00, 0x00, 0x00, 0x00, 0x00, 0x00, 0x00, 0x00, 0x00, 0x00, 0x00,
  0x00, 0x00, 0x00, 0x60, 0x00, 0x1c, 0x00, 0x03, 0x00, 0x1c, 0x00, 0x60, 0x00, 0x00, 0x00, 0x7f,
  0x00, 0x00, 0x00, 0x00, 0x00, 0x00, 0x00, 0x00, 0x00, 0x00, 0x00, 0x00, 0x00, 0x00, 0x00, 0x00,
  0x00, 0x00, 0x00, 0x7f, 0x00, 0x22, 0x00, 0x22, 0x00, 0x22, 0x00, 0x22, 0x00, 0x22, 0x00, 0x22,
  0x00, 0x00, 0x00, 0x00, 0x00, 0x00, 0x00, 0x00, 0x00, 0x00, 0x00, 0x00, 0x00, 0x00, 0x00, 0x04,
  0x00, 0x04, 0x00, 0x7f, 0x00, 0x08, 0x00, 0x7f, 0x00, 0x10, 0x00, 0x10, 0x00, 0x00, 0x00, 0x00,
  0x00, 0x00, 0x00, 0x00, 0x00, 0x00, 0x00, 0x00, 0x00, 0x0e, 0x00, 0x11, 0x00, 0x10, 0x00, 0x10,
  0x00, 0x7c, 0x00, 0x10, 0x00, 0x10, 0x00, 0x30, 0x00, 0x51, 0x00, 0x2e, 0x00, 0x00, 0x00, 0x00,
  0x00, 0x00, 0x00, 0x00, 0x00, 0x00, 0x00, 0x00, 0x00, 0x00, 0x00, 0x00, 0x00, 0x00, 0x00, 0x0c,
  0x00, 0x0c, 0x00, 0x00, 0x00, 0x00, 0x00, 0x00, 0x00, 0x00, 0x00, 0x00, 0x00, 0x00, 0x00, 0x00,
  0x00, 0x00, 0x00, 0x00, 0x00, 0x00, 0x00, 0x00, 0x00, 0x00, 0x00, 0x00, 0x00, 0x00, 0x00, 0x00,
  0x00, 0x00, 0x00, 0x00, 0x00, 0x00, 0x00, 0x00, 0x00, 0x00, 0x00, 0x00, 0x00, 0x00, 0x00, 0x00,
  0x00, 0x08, 0x00, 0x08, 0x00, 0x08, 0x00, 0x08, 0x00, 0x08, 0x00, 0x08, 0x00, 0x08, 0x00, 0x00,
  0x00, 0x00, 0x00, 0x08, 0x00, 0x08, 0x00, 0x00, 0x00, 0x00, 0x00, 0x00, 0x00, 0x00, 0x00, 0x00,
  0x00, 0x12, 0x00, 0x12, 0x00, 0x12, 0x00, 0x00, 0x00, 0x00, 0x00, 0x00, 0x00, 0x00, 0x00, 0x00,
  0x00, 0x00, 0x00, 0x00, 0x00, 0x00, 0x00, 0x00, 0x00, 0x00, 0x00, 0x00, 0x00, 0x00, 0x00, 0x00,
  0x00, 0x24, 0x00, 0x24, 0x00, 0x7e, 0x00, 0x24, 0x00, 0x24, 0x00, 0x7e, 0x00, 0x24, 0x00, 0x24,
  0x00, 0x00, 0x00, 0x00, 0x00, 0x00, 0x00, 0x00, 0x00, 0x00, 0x00, 0x00, 0x00, 0x08, 0x00, 0x3e,
  0x00, 0x49, 0x00, 0x48, 0x00, 0x28, 0x00, 0x1c, 0x00, 0x0a, 0x00, 0x09, 0x00, 0x49, 0x00, 0x3e,
  0x00, 0x08, 0x00, 0x00, 0x00, 0x00, 0x00, 0x00, 0x00, 0x00, 0x00, 0x21, 0x00, 0x52, 0x00, 0x52,
  0x00, 0x24, 0x00, 0x08, 0x00, 0x08, 0x00, 0x12, 0x00, 0x25, 0x00, 0x25, 0x00, 0x42, 0x00, 0x00,
  0x00, 0x00, 0x00, 0x00, 0x00, 0x00, 0x00, 0x00, 0x00, 0x30, 0x00, 0x48, 0x00, 0x48, 0x00, 0x48,
  0x00, 0x30, 0x00, 0x31, 0x00, 0x4a, 0x00, 0x44, 0x00, 0x4a, 0x00, 0x31, 0x00, 0x00, 0x00, 0x00,
  0x00, 0x00, 0x00, 0x00, 0x00, 0x00, 0x00, 0x08, 0x00, 0x08, 0x00, 0x08, 0x00, 0x00, 0x00, 0x00,
  0x00, 0x00, 0x00, 0x00, 0x00, 0x00, 0x00, 0x00, 0x00, 0x00, 0x00, 0x00, 0x00, 0x00, 0x00, 0x00,
  0x00, 0x00, 0x00, 0x04, 0x00, 0x08, 0x00, 0x08, 0x00, 0x10, 0x00, 0x10, 0x00, 0x10, 0x00, 0x10,
  0x00, 0x10, 0x00, 0x10, 0x00, 0x08, 0x00, 0x08, 0x00, 0x04, 0x00, 0x00, 0x00, 0x00, 0x00, 0x00,
  0x00, 0x10, 0x00, 0x08, 0x00, 0x08, 0x00, 0x04, 0x00, 0x04, 0x00, 0x04, 0x00, 0x04, 0x00, 0x04,
  0x00, 0x04, 0x00, 0x08, 0x00, 0x08, 0x00, 0x10, 0x00, 0x00, 0x00, 0x00, 0x00, 0x00, 0x00, 0x00,
  0x00, 0x08, 0x00, 0x49, 0x00, 0x2a, 0x00, 0x1c, 0x00, 0x2a, 0x00, 0x49, 0x00, 0x08, 0x00, 0x00,
  0x00, 0x00, 0x00, 0x00, 0x00, 0x00, 0x00, 0x00, 0x00, 0x00, 0x00, 0x00, 0x00, 0x00, 0x00, 0x00,
  0x00, 0x00, 0x00, 0x08, 0x00, 0x08, 0x00, 0x08, 0x00, 0x7f, 0x00, 0x08, 0x00, 0x08, 0x00, 0x08,
  0x00, 0x00, 0x00, 0x00, 0x00, 0x00, 0x00, 0x00, 0x00, 0x00, 0x00, 0x00, 0x00, 0x00, 0x00, 0x00,
  0x00, 0x00, 0x00, 0x00, 0x00, 0x00, 0x00, 0x00, 0x00, 0x00, 0x00, 0x00, 0x00, 0x0c, 0x00, 0x0c,
  0x00, 0x04, 0x00, 0x04, 0x00, 0x08, 0x00, 0x00, 0x00, 0x00, 0x00, 0x00, 0x00, 0x00, 0x00, 0x00,
  0x00, 0x00, 0x00, 0x00, 0x00, 0x7f, 0x00, 0x00, 0x00, 0x00, 0x00, 0x00, 0x00, 0x00, 0x00, 0x00,
  0x00, 0x00, 0x00, 0x00, 0x00, 0x00, 0x00, 0x00, 0x00, 0x00, 0x00, 0x00, 0x00, 0x00, 0x00, 0x00,
  0x00, 0x00, 0x00, 0x00, 0x00, 0x00, 0x00, 0x00, 0x00, 0x0c, 0x00, 0x0c, 0x00, 0x00, 0x00, 0x00,
  0x00, 0x00, 0x00, 0x00, 0x00, 0x00, 0x00, 0x01, 0x00, 0x02, 0x00, 0x02, 0x00, 0x04, 0x00, 0x08,
  0x00, 0x08, 0x00, 0x10, 0x00, 0x20, 0x00, 0x20, 0x00, 0x40, 0x00, 0x00, 0x00, 0x00, 0x00, 0x00,
  0x00, 0x00, 0x00, 0x00, 0x00, 0x1c, 0x00, 0x22, 0x00, 0x41, 0x00, 0x41, 0x00, 0x41, 0x00, 0x41,
  0x00, 0x41, 0x00, 0x41, 0x00, 0x22, 0x00, 0x1c, 0x00, 0x00, 0x00, 0x00, 0x00, 0x00, 0x00, 0x00,
  0x00, 0x00, 0x00, 0x08, 0x00, 0x18, 0x00, 0x28, 0x00, 0x48, 0x00, 0x08, 0x00, 0x08, 0x00, 0x08,
  0x00, 0x08, 0x00, 0x08, 0x00, 0x7f, 0x00, 0x00, 0x00, 0x00, 0x00, 0x00, 0x00, 0x00, 0x00, 0x00,
  0x00, 0x3e, 0x00, 0x41, 0x00, 0x41, 0x00, 0x02, 0x00, 0x04, 0x00, 0x08, 0x00, 0x10, 0x00, 0x20,
  0x00, 0x40, 0x00, 0x7f, 0x00, 0x00, 0x00, 0x00, 0x00, 0x00, 0x00, 0x00, 0x00, 0x00, 0x00, 0x7f,
  0x00, 0x01, 0x00, 0x02, 0x00, 0x04, 0x00, 0x0e, 0x00, 0x01, 0x00, 0x01, 0x00, 0x01, 0x00, 0x41,
  0x00, 0x3e, 0x00, 0x00, 0x00, 0x00, 0x00, 0x00, 0x00, 0x00, 0x00, 0x00, 0x00, 0x02, 0x00, 0x06,
  0x00, 0x0a, 0x00, 0x12, 0x00, 0x22, 0x00, 0x42, 0x00, 0x7f, 0x00, 0x02, 0x00, 0x02, 0x00, 0x02,
  0x00, 0x00, 0x00, 0x00, 0x00, 0x00, 0x00, 0x00, 0x00, 0x00, 0x00, 0x7f, 0x00, 0x40, 0x00, 0x40,
  0x00, 0x5e, 0x00, 0x61, 0x00, 0x01, 0x00, 0x01, 0x00, 0x01, 0x00, 0x41, 0x00, 0x3e, 0x00, 0x00,
  0x00, 0x00, 0x00, 0x00, 0x00, 0x00, 0x00, 0x00, 0x00, 0x1e, 0x00, 0x20, 0x00, 0x40, 0x00, 0x40,
  0x00, 0x5e, 0x00, 0x61, 0x00, 0x41, 0x00, 0x41, 0x00, 0x41, 0x00, 0x3e, 0x00, 0x00, 0x00, 0x00,
  0x00, 0x00, 0x00, 0x00, 0x00, 0x00, 0x00, 0x7f, 0x00, 0x01, 0x00, 0x02, 0x00, 0x02, 0x00, 0x04,
  0x00, 0x04, 0x00, 0x08, 0x00, 0x08, 0x00, 0x10, 0x00, 0x10, 0x00, 0x00, 0x00, 0x00, 0x00, 0x00,
  0x00, 0x00, 0x00, 0x00, 0x00, 0x1c, 0x00, 0x22, 0x00, 0x41, 0x00, 0x22, 0x00, 0x1c, 0x00, 0x22,
  0x00, 0x41, 0x00, 0x41, 0x00, 0x22, 0x00, 0x1c, 0x00, 0x00, 0x00, 0x00, 0x00, 0x00, 0x00, 0x00,
  0x00, 0x00, 0x00, 0x3e, 0x00, 0x41, 0x00, 0x41, 0x00, 0x41, 0x00, 0x43, 0x00, 0x3d, 0x00, 0x01,
  0x00, 0x01, 0x00, 0x02, 0x00, 0x3c, 0x00, 0x00, 0x00, 0x00, 0x00, 0x00, 0x00, 0x00, 0x00, 0x00,
  0x00, 0x00, 0x00, 0x00, 0x00, 0x00, 0x00, 0x0c, 0x00, 0x0c, 0x00, 0x00, 0x00, 0x00, 0x00, 0x00,
  0x00, 0x0c, 0x00, 0x0c, 0x00, 0x00, 0x00, 0x00, 0x00, 0x00, 0x00, 0x00, 0x00, 0x00, 0x00, 0x00,
  0x00, 0x00, 0x00, 0x00, 0x00, 0x0c, 0x00, 0x0c, 0x00, 0x00, 0x00, 0x00, 0x00, 0x00, 0x00, 0x0c,
  0x00, 0x0c, 0x00, 0x04, 0x00, 0x04, 0x00, 0x08, 0x00, 0x00, 0x00, 0x00, 0x00, 0x02, 0x00, 0x04,
  0x00, 0x08, 0x00, 0x10, 0x00, 0x20, 0x00, 0x20, 0x00, 0x10, 0x00, 0x08, 0x00, 0x04, 0x00, 0x02,
  0x00, 0x00, 0x00, 0x00, 0x00, 0x00, 0x00, 0x00, 0x00, 0x00, 0x00, 0x00, 0x00, 0x00, 0x00, 0x00,
  0x00, 0x00, 0x00, 0x7f, 0x00, 0x00, 0x00, 0x00, 0x00, 0x7f, 0x00, 0x00, 0x00, 0x00, 0x00, 0x00,
  0x00, 0x00, 0x00, 0x00, 0x00, 0x00, 0x00, 0x00, 0x00, 0x20, 0x00, 0x10, 0x00, 0x08, 0x00, 0x04,
  0x00, 0x02, 0x00, 0x02, 0x00, 0x04, 0x00, 0x08, 0x00, 0x10, 0x00, 0x20, 0x00, 0x00, 0x00, 0x00,
  0x00, 0x00, 0x00, 0x00, 0x00, 0x00, 0x00, 0x3e, 0x00, 0x41, 0x00, 0x41, 0x00, 0x01, 0x00, 0x02,
  0x00, 0x04, 0x00, 0x08, 0x00, 0x08, 0x00, 0x00, 0x00, 0x08, 0x00, 0x00, 0x00, 0x00, 0x00, 0x00,
  0x00, 0x00, 0x00, 0x00, 0x00, 0x3e, 0x00, 0x41, 0x00, 0x41, 0x00, 0x4f, 0x00, 0x51, 0x00, 0x53,
  0x00, 0x4d, 0x00, 0x40, 0x00, 0x40, 0x00, 0x3e, 0x00, 0x00, 0x00, 0x00, 0x00, 0x00, 0x00, 0x00,
  0x00, 0x00, 0x00, 0x08, 0x00, 0x14, 0x00, 0x22, 0x00, 0x41, 0x00, 0x41, 0x00, 0x41, 0x00, 0x7f,
  0x00, 0x41, 0x00, 0x41, 0x00, 0x41, 0x00, 0x00, 0x00, 0x00, 0x00, 0x00, 0x00, 0x00, 0x00, 0x00,
  0x00, 0x7c, 0x00, 0x42, 0x00, 0x41, 0x00, 0x42, 0x00, 0x7c, 0x00, 0x42, 0x00, 0x41, 0x00, 0x41,
  0x00, 0x42, 0x00, 0x7c, 0x00, 0x00, 0x00, 0x00, 0x00, 0x00, 0x00, 0x00, 0x00, 0x00, 0x00, 0x3e,
  0x00, 0x41, 0x00, 0x40, 0x00, 0x40, 0x00, 0x40, 0x00, 0x40, 0x00, 0x40, 0x00, 0x40, 0x00, 0x41,
  0x00, 0x3e, 0x00, 0x00, 0x00, 0x00, 0x00, 0x00, 0x00, 0x00, 0x00, 0x00, 0x00, 0x7c, 0x00, 0x42,
  0x00, 0x41, 0x00, 0x41, 0x00, 0x41, 0x00, 0x41, 0x00, 0x41, 0x00, 0x41, 0x00, 0x42, 0x00, 0x7c,
  0x00, 0x00, 0x00, 0x00, 0x00, 0x00, 0x00, 0x00, 0x00, 0x00, 0x00, 0x7f, 0x00, 0x40, 0x00, 0x40,
  0x00, 0x40, 0x00, 0x7c, 0x00, 0x40, 0x00, 0x40, 0x00, 0x40, 0x00, 0x40, 0x00, 0x7f, 0x00, 0x00,
  0x00, 0x00, 0x00, 0x00, 0x00, 0x00, 0x00, 0x00, 0x00, 0x7f, 0x00, 0x40, 0x00, 0x40, 0x00, 0x40,
  0x00, 0x7c, 0x00, 0x40, 0x00, 0x40, 0x00, 0x40, 0x00, 0x40, 0x00, 0x40, 0x00, 0x00, 0x00, 0x00,
  0x00, 0x00, 0x00, 0x00, 0x00, 0x00, 0x00, 0x3e, 0x00, 0x41, 0x00, 0x40, 0x00, 0x40, 0x00, 0x40,
  0x00, 0x47, 0x00, 0x41, 0x00, 0x41, 0x00, 0x41, 0x00, 0x3e, 0x00, 0x00, 0x00, 0x00, 0x00, 0x00,
  0x00, 0x00, 0x00, 0x00, 0x00, 0x41, 0x00, 0x41, 0x00, 0x41, 0x00, 0x41, 0x00, 0x7f, 0x00, 0x41,
  0x00, 0x41, 0x00, 0x41, 0x00, 0x41, 0x00, 0x41, 0x00, 0x00, 0x00, 0x00, 0x00, 0x00, 0x00, 0x00,
  0x00, 0x00, 0x00, 0x3e, 0x00, 0x08, 0x00, 0x08, 0x00, 0x08, 0x00, 0x08, 0x00, 0x08, 0x00, 0x08,
  0x00, 0x08, 0x00, 0x08, 0x00, 0x3e, 0x00, 0x00, 0x00, 0x00, 0x00, 0x00, 0x00, 0x00, 0x00, 0x00,
  0x00, 0x0f, 0x80, 0x02, 0x00, 0x02, 0x00, 0x02, 0x00, 0x02, 0x00, 0x02, 0x00, 0x02, 0x00, 0x02,
  0x00, 0x42, 0x00, 0x3c, 0x00, 0x00, 0x00, 0x00, 0x00, 0x00, 0x00, 0x00, 0x00, 0x00, 0x00, 0x41,
  0x00, 0x42, 0x00, 0x44, 0x00, 0x48, 0x00, 0x70, 0x00, 0x50, 0x00, 0x48, 0x00, 0x44, 0x00, 0x42,
  0x00, 0x41, 0x00, 0x00, 0x00, 0x00, 0x00, 0x00, 0x00, 0x00, 0x00, 0x00, 0x00, 0x40, 0x00, 0x40,
  0x00, 0x40, 0x00, 0x40, 0x00, 0x40, 0x00, 0x40, 0x00, 0x40, 0x00, 0x40, 0x00, 0x40, 0x00, 0x7f,
  0x00, 0x00, 0x00, 0x00, 0x00, 0x00, 0x00, 0x00, 0x00, 0x00, 0x00, 0x41, 0x00, 0x41, 0x00, 0x63,
  0x00, 0x55, 0x00, 0x55, 0x00, 0x49, 0x00, 0x49, 0x00, 0x41, 0x00, 0x41, 0x00, 0x41, 0x00, 0x00,
  0x00, 0x00, 0x00, 0x00, 0x00, 0x00, 0x00, 0x00, 0x00, 0x41, 0x00, 0x41, 0x00, 0x61, 0x00, 0x51,
  0x00, 0x49, 0x00, 0x45, 0x00, 0x43, 0x00, 0x41, 0x00, 0x41, 0x00, 0x41, 0x00, 0x00, 0x00, 0x00,
  0x00, 0x00, 0x00, 0x00, 0x00, 0x00, 0x00, 0x3e, 0x00, 0x41, 0x00, 0x41, 0x00, 0x41, 0x00, 0x41,
  0x00, 0x41, 0x00, 0x41, 0x00, 0x41, 0x00, 0x41, 0x00, 0x3e, 0x00, 0x00, 0x00, 0x00, 0x00, 0x00,
  0x00, 0x00, 0x00, 0x00, 0x00, 0x7e, 0x00, 0x41, 0x00, 0x41, 0x00, 0x41, 0x00, 0x7e, 0x00, 0x40,
  0x00, 0x40, 0x00, 0x40, 0x00, 0x40, 0x00, 0x40, 0x00, 0x00, 0x00, 0x00, 0x00, 0x00, 0x00, 0x00,
  0x00, 0x00, 0x00, 0x3e, 0x00, 0x41, 0x00, 0x41, 0x00, 0x41, 0x00, 0x41, 0x00, 0x41, 0x00, 0x41,
  0x00, 0x51, 0x00, 0x49, 0x00, 0x3e, 0x00, 0x04, 0x00, 0x03, 0x00, 0x00, 0x00, 0x00, 0x00, 0x00,
  0x00, 0x7e, 0x00, 0x41, 0x00, 0x41, 0x00, 0x41, 0x00, 0x7e, 0x00, 0x48, 0x00, 0x44, 0x00, 0x42,
  0x00, 0x41, 0x00, 0x41, 0x00, 0x00, 0x00, 0x00, 0x00, 0x00, 0x00, 0x00, 0x00, 0x00, 0x00, 0x3e,
  0x00, 0x41, 0x00, 0x41, 0x00, 0x40, 0x00, 0x38, 0x00, 0x06, 0x00, 0x01, 0x00, 0x41, 0x00, 0x41,
  0x00, 0x3e, 0x00, 0x00, 0x00, 0x00, 0x00, 0x00, 0x00, 0x00, 0x00, 0x00, 0x00, 0x7f, 0x00, 0x08,
  0x00, 0x08, 0x00, 0x08, 0x00, 0x08, 0x00, 0x08, 0x00, 0x08, 0x00, 0x08, 0x00, 0x08, 0x00, 0x08,
  0x00, 0x00, 0x00, 0x00, 0x00, 0x00, 0x00, 0x00, 0x00, 0x00, 0x00, 0x41, 0x00, 0x41, 0x00, 0x41,
  0x00, 0x41, 0x00, 0x41, 0x00, 0x41, 0x00, 0x41, 0x00, 0x41, 0x00, 0x41, 0x00, 0x3e, 0x00, 0x00,
  0x00, 0x00, 0x00, 0x00, 0x00, 0x00, 0x00, 0x00, 0x00, 0x41, 0x00, 0x41, 0x00, 0x41, 0x00, 0x22,
  0x00, 0x22, 0x00, 0x22, 0x00, 0x14, 0x00, 0x14, 0x00, 0x14, 0x00, 0x08, 0x00, 0x00, 0x00, 0x00,
  0x00, 0x00, 0x00, 0x00, 0x00, 0x00, 0x00, 0x41, 0x00, 0x41, 0x00, 0x41, 0x00, 0x41, 0x00, 0x49,
  0x00, 0x49, 0x00, 0x49, 0x00, 0x49, 0x00, 0x55, 0x00, 0x22, 0x00, 0x00, 0x00, 0x00, 0x00, 0x00,
  0x00, 0x00, 0x00, 0x00, 0x00, 0x41, 0x00, 0x41, 0x00, 0x22, 0x00, 0x14, 0x00, 0x08, 0x00, 0x08,
  0x00, 0x14, 0x00, 0x22, 0x00, 0x41, 0x00, 0x41, 0x00, 0x00, 0x00, 0x00, 0x00, 0x00, 0x00, 0x00,
  0x00, 0x00, 0x00, 0x41, 0x00, 0x41, 0x00, 0x22, 0x00, 0x14, 0x00, 0x08, 0x00, 0x08, 0x00, 0x08,
  0x00, 0x08, 0x00, 0x08, 0x00, 0x08, 0x00, 0x00, 0x00, 0x00, 0x00, 0x00, 0x00, 0x00, 0x00, 0x00,
  0x00, 0x7f, 0x00, 0x01, 0x00, 0x02, 0x00, 0x04, 0x00, 0x08, 0x00, 0x10, 0x00, 0x20, 0x00, 0x40,
  0x00, 0x40, 0x00, 0x7f, 0x00, 0x00, 0x00, 0x00, 0x00, 0x00, 0x00, 0x00, 0x00, 0x1e, 0x00, 0x10,
  0x00, 0x10, 0x00, 0x10, 0x00, 0x10, 0x00, 0x10, 0x00, 0x10, 0x00, 0x10, 0x00, 0x10, 0x00, 0x10,
  0x00, 0x10, 0x00, 0x1e, 0x00, 0x00, 0x00, 0x00, 0x00, 0x00, 0x00, 0x00, 0x00, 0x40, 0x00, 0x20,
  0x00, 0x20, 0x00, 0x10, 0x00, 0x08, 0x00, 0x08, 0x00, 0x04, 0x00, 0x02, 0x00, 0x02, 0x00, 0x01,
  0x00, 0x00, 0x00, 0x00, 0x00, 0x00, 0x00, 0x00, 0x00, 0x3c, 0x00, 0x04, 0x00, 0x04, 0x00, 0x04,
  0x00, 0x04, 0x00, 0x04, 0x00, 0x04, 0x00, 0x04, 0x00, 0x04, 0x00, 0x04, 0x00, 0x04, 0x00, 0x3c,
  0x00, 0x00, 0x00, 0x00, 0x00, 0x00, 0x00, 0x00, 0x00, 0x08, 0x00, 0x14, 0x00, 0x22, 0x00, 0x41,
  0x00, 0x00, 0x00, 0x00, 0x00, 0x00, 0x00, 0x00, 0x00, 0x00, 0x00, 0x00, 0x00, 0x00, 0x00, 0x00,
  0x00, 0x00, 0x00, 0x00, 0x00, 0x00, 0x00, 0x00, 0x00, 0x00, 0x00, 0x00, 0x00, 0x00, 0x00, 0x00,
  0x00, 0x00, 0x00, 0x00, 0x00, 0x00, 0x00, 0x00, 0x00, 0x00, 0x00, 0xff, 0x00, 0x00, 0x00, 0x00,
  0x00, 0x00, 0x00, 0x10, 0x00, 0x08, 0x00, 0x04, 0x00, 0x00, 0x00, 0x00, 0x00, 0x00, 0x00, 0x00,
  0x00, 0x00, 0x00, 0x00, 0x00, 0x00, 0x00, 0x00, 0x00, 0x00, 0x00, 0x00, 0x00, 0x00, 0x00, 0x00,
  0x00, 0x00, 0x00, 0x00, 0x00, 0x00, 0x00, 0x00, 0x00, 0x3e, 0x00, 0x01, 0x00, 0x01, 0x00, 0x3f,
  0x00, 0x41, 0x00, 0x43, 0x00, 0x3d, 0x00, 0x00, 0x00, 0x00, 0x00, 0x00, 0x00, 0x00, 0x00, 0x00,
  0x00, 0x40, 0x00, 0x40, 0x00, 0x40, 0x00, 0x5e, 0x00, 0x61, 0x00, 0x41, 0x00, 0x41, 0x00, 0x41,
  0x00, 0x61, 0x00, 0x5e, 0x00, 0x00, 0x00, 0x00, 0x00, 0x00, 0x00, 0x00, 0x00, 0x00, 0x00, 0x00,
  0x00, 0x00, 0x00, 0x00, 0x00, 0x3e, 0x00, 0x41, 0x00, 0x40, 0x00, 0x40, 0x00, 0x40, 0x00, 0x41,
  0x00, 0x3e, 0x00, 0x00, 0x00, 0x00, 0x00, 0x00, 0x00, 0x00, 0x00, 0x00, 0x00, 0x01, 0x00, 0x01,
  0x00, 0x01, 0x00, 0x3d, 0x00, 0x43, 0x00, 0x41, 0x00, 0x41, 0x00, 0x41, 0x00, 0x43, 0x00, 0x3d,
  0x00, 0x00, 0x00, 0x00, 0x00, 0x00, 0x00, 0x00, 0x00, 0x00, 0x00, 0x00, 0x00, 0x00, 0x00, 0x00,
  0x00, 0x3e, 0x00, 0x41, 0x00, 0x41, 0x00, 0x7f, 0x00, 0x40, 0x00, 0x40, 0x00, 0x3e, 0x00, 0x00,
  0x00, 0x00, 0x00, 0x00, 0x00, 0x00, 0x00, 0x00, 0x00, 0x0e, 0x00, 0x11, 0x00, 0x11, 0x00, 0x10,
  0x00, 0x10, 0x00, 0x7c, 0x00, 0x10, 0x00, 0x10, 0x00, 0x10, 0x00, 0x10, 0x00, 0x00, 0x00, 0x00,
  0x00, 0x00, 0x00, 0x00, 0x00, 0x00, 0x00, 0x00, 0x00, 0x00, 0x00, 0x00, 0x00, 0x3d, 0x00, 0x42,
  0x00, 0x42, 0x00, 0x42, 0x00, 0x3c, 0x00, 0x40, 0x00, 0x3e, 0x00, 0x41, 0x00, 0x41, 0x00, 0x3e,
  0x00, 0x00, 0x00, 0x00, 0x00, 0x40, 0x00, 0x40, 0x00, 0x40, 0x00, 0x5e, 0x00, 0x61, 0x00, 0x41,
  0x00, 0x41, 0x00, 0x41, 0x00, 0x41, 0x00, 0x41, 0x00, 0x00, 0x00, 0x00, 0x00, 0x00, 0x00, 0x00,
  0x00, 0x00, 0x00, 0x18, 0x00, 0x00, 0x00, 0x00, 0x00, 0x38, 0x00, 0x08, 0x00, 0x08, 0x00, 0x08,
  0x00, 0x08, 0x00, 0x08, 0x00, 0x3e, 0x00, 0x00, 0x00, 0x00, 0x00, 0x00, 0x00, 0x00, 0x00, 0x00,
  0x00, 0x06, 0x00, 0x00, 0x00, 0x00, 0x00, 0x0e, 0x00, 0x02, 0x00, 0x02, 0x00, 0x02, 0x00, 0x02,
  0x00, 0x02, 0x00, 0x42, 0x00, 0x42, 0x00, 0x42, 0x00, 0x3c, 0x00, 0x00, 0x00, 0x00, 0x00, 0x40,
  0x00, 0x40, 0x00, 0x40, 0x00, 0x41, 0x00, 0x46, 0x00, 0x58, 0x00, 0x60, 0x00, 0x58, 0x00, 0x46,
  0x00, 0x41, 0x00, 0x00, 0x00, 0x00, 0x00, 0x00, 0x00, 0x00, 0x00, 0x00, 0x00, 0x38, 0x00, 0x08,
  0x00, 0x08, 0x00, 0x08, 0x00, 0x08, 0x00, 0x08, 0x00, 0x08, 0x00, 0x08, 0x00, 0x08, 0x00, 0x3e,
  0x00, 0x00, 0x00, 0x00, 0x00, 0x00, 0x00, 0x00, 0x00, 0x00, 0x00, 0x00, 0x00, 0x00, 0x00, 0x00,
  0x00, 0x76, 0x00, 0x49, 0x00, 0x49, 0x00, 0x49, 0x00, 0x49, 0x00, 0x49, 0x00, 0x41, 0x00, 0x00,
  0x00, 0x00, 0x00, 0x00, 0x00, 0x00, 0x00, 0x00, 0x00, 0x00, 0x00, 0x00, 0x00, 0x00, 0x00, 0x5e,
  0x00, 0x61, 0x00, 0x41, 0x00, 0x41, 0x00, 0x41, 0x00, 0x41, 0x00, 0x41, 0x00, 0x00, 0x00, 0x00,
  0x00, 0x00, 0x00, 0x00, 0x00, 0x00, 0x00, 0x00, 0x00, 0x00, 0x00, 0x00, 0x00, 0x3e, 0x00, 0x41,
  0x00, 0x41, 0x00, 0x41, 0x00, 0x41, 0x00, 0x41, 0x00, 0x3e, 0x00, 0x00, 0x00, 0x00, 0x00, 0x00,
  0x00, 0x00, 0x00, 0x00, 0x00, 0x00, 0x00, 0x00, 0x00, 0x00, 0x00, 0x5e, 0x00, 0x61, 0x00, 0x41,
  0x00, 0x41, 0x00, 0x41, 0x00, 0x61, 0x00, 0x5e, 0x00, 0x40, 0x00, 0x40, 0x00, 0x40, 0x00, 0x00,
  0x00, 0x00, 0x00, 0x00, 0x00, 0x00, 0x00, 0x00, 0x00, 0x3d, 0x00, 0x43, 0x00, 0x41, 0x00, 0x41,
  0x00, 0x41, 0x00, 0x43, 0x00, 0x3d, 0x00, 0x01, 0x00, 0x01, 0x00, 0x01, 0x00, 0x00, 0x00, 0x00,
  0x00, 0x00, 0x00, 0x00, 0x00, 0x00, 0x00, 0x4e, 0x00, 0x31, 0x00, 0x21, 0x00, 0x20, 0x00, 0x20,
  0x00, 0x20, 0x00, 0x20, 0x00, 0x00, 0x00, 0x00, 0x00, 0x00, 0x00, 0x00, 0x00, 0x00, 0x00, 0x00,
  0x00, 0x00, 0x00, 0x00, 0x00, 0x3e, 0x00, 0x41, 0x00, 0x40, 0x00, 0x3e, 0x00, 0x01, 0x00, 0x41,
  0x00, 0x3e, 0x00, 0x00, 0x00, 0x00, 0x00, 0x00, 0x00, 0x00, 0x00, 0x00, 0x00, 0x00, 0x00, 0x10,
  0x00, 0x10, 0x00, 0x7e, 0x00, 0x10, 0x00, 0x10, 0x00, 0x10, 0x00, 0x10, 0x00, 0x11, 0x00, 0x0e,
  0x00, 0x00, 0x00, 0x00, 0x00, 0x00, 0x00, 0x00, 0x00, 0x00, 0x00, 0x00, 0x00, 0x00, 0x00, 0x00,
  0x00, 0x42, 0x00, 0x42, 0x00, 0x42, 0x00, 0x42, 0x00, 0x42, 0x00, 0x42, 0x00, 0x3d, 0x00, 0x00,
  0x00, 0x00, 0x00, 0x00, 0x00, 0x00, 0x00, 0x00, 0x00, 0x00, 0x00, 0x00, 0x00, 0x00, 0x00, 0x41,
  0x00, 0x41, 0x00, 0x22, 0x00, 0x22, 0x00, 0x14, 0x00, 0x14, 0x00, 0x08, 0x00, 0x00, 0x00, 0x00,
  0x00, 0x00, 0x00, 0x00, 0x00, 0x00, 0x00, 0x00, 0x00, 0x00, 0x00, 0x00, 0x00, 0x41, 0x00, 0x41,
  0x00, 0x49, 0x00, 0x49, 0x00, 0x49, 0x00, 0x55, 0x00, 0x22, 0x00, 0x00, 0x00, 0x00, 0x00, 0x00,
  0x00, 0x00, 0x00, 0x00, 0x00, 0x00, 0x00, 0x00, 0x00, 0x00, 0x00, 0x41, 0x00, 0x22, 0x00, 0x14,
  0x00, 0x08, 0x00, 0x14, 0x00, 0x22, 0x00, 0x41, 0x00, 0x00, 0x00, 0x00, 0x00, 0x00, 0x00, 0x00,
  0x00, 0x00, 0x00, 0x00, 0x00, 0x00, 0x00, 0x00, 0x00, 0x42, 0x00, 0x42, 0x00, 0x42, 0x00, 0x42,
  0x00, 0x42, 0x00, 0x46, 0x00, 0x3a, 0x00, 0x02, 0x00, 0x42, 0x00, 0x3c, 0x00, 0x00, 0x00, 0x00,
  0x00, 0x00, 0x00, 0x00, 0x00, 0x00, 0x00, 0x7f, 0x00, 0x02, 0x00, 0x04, 0x00, 0x08, 0x00, 0x10,
  0x00, 0x20, 0x00, 0x7f, 0x00, 0x00, 0x00, 0x00, 0x00, 0x00, 0x00, 0x00, 0x00, 0x07, 0x00, 0x08,
  0x00, 0x08, 0x00, 0x08, 0x00, 0x04, 0x00, 0x18, 0x00, 0x18, 0x00, 0x04, 0x00, 0x08, 0x00, 0x08,
  0x00, 0x08, 0x00, 0x07, 0x00, 0x00, 0x00, 0x00, 0x00, 0x00, 0x00, 0x08, 0x00, 0x08, 0x00, 0x08,
  0x00, 0x08, 0x00, 0x08, 0x00, 0x08, 0x00, 0x08, 0x00, 0x08, 0x00, 0x08, 0x00, 0x08, 0x00, 0x08,
  0x00, 0x08, 0x00, 0x00, 0x00, 0x00, 0x00, 0x00, 0x00, 0x70, 0x00, 0x08, 0x00, 0x08, 0x00, 0x08,
  0x00, 0x10, 0x00, 0x0c, 0x00, 0x0c, 0x00, 0x10, 0x00, 0x08, 0x00, 0x08, 0x00, 0x08, 0x00, 0x70,
  0x00, 0x00, 0x00, 0x00, 0x00, 0x00, 0x00, 0x00, 0x00, 0x31, 0x00, 0x49, 0x00, 0x46, 0x00, 0x00,
  0x00, 0x00, 0x00, 0x00, 0x00, 0x00, 0x00, 0x00, 0x00, 0x00, 0x00, 0x00, 0x00, 0x00, 0x00, 0x00,
  0x00, 0x00, 0x00, 0x00, 0x00, 0x00, 0x00, 0x00, 0x00, 0x00, 0x00, 0x00, 0x00, 0x00, 0x00, 0x00,
  0x00, 0x00, 0x00, 0x00, 0x00, 0x00, 0x00, 0x00, 0x00, 0x00, 0x00, 0x00, 0x00, 0x00, 0x00, 0x00,
  0x00, 0x00, 0x00, 0x00, 0x00, 0x00, 0x00, 0x00, 0x00, 0x00, 0x00, 0x00, 0x00, 0x00, 0x00, 0x00,
  0x00, 0x00, 0x00, 0x00, 0x00, 0x00, 0x00, 0x00, 0x00, 0x00, 0x00, 0x00, 0x00, 0x00, 0x00, 0x00,
  0x00, 0x00, 0x00, 0x00, 0x00, 0x00, 0x00, 0x00, 0x00, 0x00, 0x00, 0x00, 0x00, 0x00, 0x00, 0x00,
  0x00, 0x00, 0x00, 0x00, 0x00, 0x00, 0x00, 0x00, 0x00, 0x00, 0x00, 0x00, 0x00, 0x00, 0x00, 0x00,
  0x00, 0x00, 0x00, 0x00, 0x00, 0x00, 0x00, 0x00, 0x00, 0x00, 0x00, 0x00, 0x00, 0x00, 0x00, 0x00,
  0x00, 0x00, 0x00, 0x00, 0x00, 0x00, 0x00, 0x00, 0x00, 0x00, 0x00, 0x00, 0x00, 0x00, 0x00, 0x00,
  0x00, 0x00, 0x00, 0x00, 0x00, 0x00, 0x00, 0x00, 0x00, 0x00, 0x00, 0x00, 0x00, 0x00, 0x00, 0x00,
  0x00, 0x00, 0x00, 0x00, 0x00, 0x00, 0x00, 0x00, 0x00, 0x00, 0x00, 0x00, 0x00, 0x00, 0x00, 0x00,
  0x00, 0x00, 0x00, 0x00, 0x00, 0x00, 0x00, 0x00, 0x00, 0x00, 0x00, 0x00, 0x00, 0x00, 0x00, 0x00,
  0x00, 0x00, 0x00, 0x00, 0x00, 0x00, 0x00, 0x00, 0x00, 0x00, 0x00, 0x00, 0x00, 0x00, 0x00, 0x00,
  0x00, 0x00, 0x00, 0x00, 0x00, 0x00, 0x00, 0x00, 0x00, 0x00, 0x00, 0x00, 0x00, 0x00, 0x00, 0x00,
  0x00, 0x00, 0x00, 0x00, 0x00, 0x00, 0x00, 0x00, 0x00, 0x00, 0x00, 0x00, 0x00, 0x00, 0x00, 0x00,
  0x00, 0x00, 0x00, 0x00, 0x00, 0x00, 0x00, 0x00, 0x00, 0x00, 0x00, 0x00, 0x00, 0x00, 0x00, 0x00,
  0x00, 0x00, 0x00, 0x00, 0x00, 0x00, 0x00, 0x00, 0x00, 0x00, 0x00, 0x00, 0x00, 0x00, 0x00, 0x00,
  0x00, 0x00, 0x00, 0x00, 0x00, 0x00, 0x00, 0x00, 0x00, 0x00, 0x00, 0x00, 0x00, 0x00, 0x00, 0x00,
  0x00, 0x00, 0x00, 0x00, 0x00, 0x00, 0x00, 0x00, 0x00, 0x00, 0x00, 0x00, 0x00, 0x00, 0x00, 0x00,
  0x00, 0x00, 0x00, 0x00, 0x00, 0x00, 0x00, 0x00, 0x00, 0x00, 0x00, 0x00, 0x00, 0x00, 0x00, 0x00,
  0x00, 0x00, 0x00, 0x00, 0x00, 0x00, 0x00, 0x00, 0x00, 0x00, 0x00, 0x00, 0x00, 0x00, 0x00, 0x00,
  0x00, 0x00, 0x00, 0x00, 0x00, 0x00, 0x00, 0x00, 0x00, 0x00, 0x00, 0x00, 0x00, 0x00, 0x00, 0x00,
  0x00, 0x00, 0x00, 0x00, 0x00, 0x00, 0x00, 0x00, 0x00, 0x00, 0x00, 0x00, 0x00, 0x00, 0x00, 0x00,
  0x00, 0x00, 0x00, 0x00, 0x00, 0x00, 0x00, 0x00, 0x00, 0x00, 0x00, 0x00, 0x00, 0x00, 0x00, 0x00,
  0x00, 0x00, 0x00, 0x00, 0x00, 0x00, 0x00, 0x00, 0x00, 0x00, 0x00, 0x00, 0x00, 0x00, 0x00, 0x00,
  0x00, 0x00, 0x00, 0x00, 0x00, 0x00, 0x00, 0x00, 0x00, 0x00, 0x00, 0x00, 0x00, 0x00, 0x00, 0x00,
  0x00, 0x00, 0x00, 0x00, 0x00, 0x00, 0x00, 0x00, 0x00, 0x00, 0x00, 0x00, 0x00, 0x00, 0x00, 0x00,
  0x00, 0x00, 0x00, 0x00, 0x00, 0x00, 0x00, 0x00, 0x00, 0x00, 0x00, 0x00, 0x00, 0x00, 0x00, 0x00,
  0x00, 0x00, 0x00, 0x00, 0x00, 0x00, 0x00, 0x00, 0x00, 0x00, 0x00, 0x00, 0x00, 0x00, 0x00, 0x00,
  0x00, 0x00, 0x00, 0x00, 0x00, 0x00, 0x00, 0x00, 0x00, 0x00, 0x00, 0x00, 0x00, 0x00, 0x00, 0x00,
  0x00, 0x00, 0x00, 0x00, 0x00, 0x00, 0x00, 0x00, 0x00, 0x00, 0x00, 0x00, 0x00, 0x00, 0x00, 0x00,
  0x00, 0x00, 0x00, 0x00, 0x00, 0x00, 0x00, 0x00, 0x00, 0x00, 0x00, 0x00, 0x00, 0x00, 0x00, 0x00,
  0x00, 0x00, 0x00, 0x00, 0x00, 0x00, 0x00, 0x00, 0x00, 0x00, 0x00, 0x00, 0x00, 0x00, 0x00, 0x00,
  0x00, 0x00, 0x00, 0x00, 0x00, 0x00, 0x00, 0x00, 0x00, 0x00, 0x00, 0x00, 0x00, 0x00, 0x00, 0x00,
  0x00, 0x00, 0x00, 0x00, 0x00, 0x00, 0x00, 0x00, 0x00, 0x00, 0x00, 0x00, 0x00, 0x00, 0x00, 0x00,
  0x00, 0x00, 0x00, 0x00, 0x00, 0x00, 0x00, 0x00, 0x00, 0x00, 0x00, 0x00, 0x00, 0x00, 0x00, 0x00,
  0x00, 0x00, 0x00, 0x00, 0x00, 0x00, 0x00, 0x00, 0x00, 0x00, 0x00, 0x00, 0x00, 0x00, 0x00, 0x00,
  0x00, 0x00, 0x00, 0x00, 0x00, 0x00, 0x00, 0x00, 0x00, 0x00, 0x00, 0x00, 0x00, 0x00, 0x00, 0x00,
  0x00, 0x00, 0x00, 0x00, 0x00, 0x00, 0x00, 0x00, 0x00, 0x00, 0x00, 0x00, 0x00, 0x00, 0x00, 0x00,
  0x00, 0x00, 0x00, 0x00, 0x00, 0x00, 0x00, 0x00, 0x00, 0x00, 0x00, 0x00, 0x00, 0x00, 0x00, 0x00,
  0x00, 0x00, 0x00, 0x00, 0x00, 0x00, 0x00, 0x00, 0x00, 0x00, 0x00, 0x00, 0x00, 0x00, 0x00, 0x00,
  0x00, 0x00, 0x00, 0x00, 0x00, 0x00, 0x00, 0x00, 0x00, 0x00, 0x00, 0x00, 0x00, 0x00, 0x00, 0x00,
  0x00, 0x00, 0x00, 0x00, 0x00, 0x00, 0x00, 0x00, 0x00, 0x00, 0x00, 0x00, 0x00, 0x00, 0x00, 0x00,
  0x00, 0x00, 0x00, 0x00, 0x00, 0x00, 0x00, 0x00, 0x00, 0x00, 0x00, 0x00, 0x00, 0x00, 0x00, 0x00,
  0x00, 0x00, 0x00, 0x00, 0x00, 0x00, 0x00, 0x00, 0x00, 0x00, 0x00, 0x00, 0x00, 0x00, 0x00, 0x00,
  0x00, 0x00, 0x00, 0x00, 0x00, 0x00, 0x00, 0x00, 0x00, 0x00, 0x00, 0x00, 0x00, 0x00, 0x00, 0x00,
  0x00, 0x00, 0x00, 0x00, 0x00, 0x00, 0x00, 0x00, 0x00, 0x00, 0x00, 0x00, 0x00, 0x00, 0x00, 0x00,
  0x00, 0x00, 0x00, 0x00, 0x00, 0x00, 0x00, 0x00, 0x00, 0x00, 0x00, 0x00, 0x00, 0x00, 0x00, 0x00,
  0x00, 0x00, 0x00, 0x00, 0x00, 0x00, 0x00, 0x00, 0x00, 0x00, 0x00, 0x00, 0x00, 0x00, 0x00, 0x00,
  0x00, 0x00, 0x00, 0x00, 0x00, 0x00, 0x00, 0x00, 0x00, 0x00, 0x00, 0x00, 0x00, 0x00, 0x00, 0x00,
  0x00, 0x00, 0x00, 0x00, 0x00, 0x00, 0x00, 0x00, 0x00, 0x00, 0x00, 0x00, 0x00, 0x00, 0x00, 0x00,
  0x00, 0x00, 0x00, 0x00, 0x00, 0x00, 0x00, 0x00, 0x00, 0x00, 0x00, 0x00, 0x00, 0x00, 0x00, 0x00,
  0x00, 0x00, 0x00, 0x00, 0x00, 0x00, 0x00, 0x00, 0x00, 0x00, 0x00, 0x00, 0x00, 0x00, 0x00, 0x00,
  0x00, 0x00, 0x00, 0x00, 0x00, 0x00, 0x00, 0x00, 0x00, 0x00, 0x00, 0x00, 0x00, 0x00, 0x00, 0x00,
  0x00, 0x00, 0x00, 0x00, 0x00, 0x00, 0x00, 0x00, 0x00, 0x00, 0x00, 0x00, 0x00, 0x00, 0x00, 0x00,
  0x00, 0x00, 0x00, 0x00, 0x00, 0x00, 0x00, 0x00, 0x00, 0x00, 0x00, 0x00, 0x00, 0x00, 0x00, 0x00,
  0x00, 0x00, 0x00, 0x00, 0x00, 0x00, 0x00, 0x00, 0x00, 0x00, 0x00, 0x00, 0x00, 0x00, 0x00, 0x00,
  0x00, 0x00, 0x00, 0x00, 0x00, 0x00, 0x00, 0x00, 0x00, 0x00, 0x00, 0x00, 0x00, 0x00, 0x00, 0x00,
  0x00, 0x00, 0x00, 0x00, 0x00, 0x00, 0x00, 0x00, 0x00, 0x00, 0x00, 0x00, 0x00, 0x00, 0x00, 0x00,
  0x00, 0x00, 0x00, 0x00, 0x00, 0x00, 0x00, 0x00, 0x00, 0x00, 0x00, 0x00, 0x00, 0x00, 0x00, 0x00,
  0x00, 0x00, 0x00, 0x00, 0x00, 0x00, 0x00, 0x00, 0x00, 0x00, 0x00, 0x00, 0x00, 0x00, 0x00, 0x00,
  0x00, 0x00, 0x00, 0x00, 0x00, 0x00, 0x00, 0x00, 0x00, 0x00, 0x00, 0x00, 0x00, 0x00, 0x00, 0x00,
  0x00, 0x00, 0x00, 0x00, 0x00, 0x00, 0x00, 0x00, 0x00, 0x00, 0x00, 0x00, 0x00, 0x00, 0x00, 0x00,
  0x00, 0x00, 0x00, 0x00, 0x00, 0x00, 0x00, 0x00, 0x00, 0x00, 0x00, 0x00, 0x00, 0x00, 0x00, 0x00,
  0x00, 0x00, 0x00, 0x00, 0x00, 0x00, 0x00, 0x00, 0x00, 0x00, 0x00, 0x00, 0x00, 0x00, 0x00, 0x00,
  0x00, 0x08, 0x00, 0x08, 0x00, 0x00, 0x00, 0x00, 0x00, 0x08, 0x00, 0x08, 0x00, 0x08, 0x00, 0x08,
  0x00, 0x08, 0x00, 0x08, 0x00, 0x08, 0x00, 0x00, 0x00, 0x00, 0x00, 0x00, 0x00, 0x00, 0x00, 0x00,
  0x00, 0x00, 0x00, 0x00, 0x00, 0x04, 0x00, 0x3c, 0x00, 0x4a, 0x00, 0x48, 0x00, 0x50, 0x00, 0x52,
  0x00, 0x3c, 0x00, 0x20, 0x00, 0x00, 0x00, 0x00, 0x00, 0x00, 0x00, 0x00, 0x00, 0x00, 0x00, 0x0e,
  0x00, 0x11, 0x00, 0x10, 0x00, 0x10, 0x00, 0x7c, 0x00, 0x10, 0x00, 0x10, 0x00, 0x30, 0x00, 0x51,
  0x00, 0x2e, 0x00, 0x00, 0x00, 0x00, 0x00, 0x00, 0x00, 0x00, 0x00, 0x00, 0x00, 0x00, 0x00, 0x41,
  0x00, 0x3e, 0x00, 0x22, 0x00, 0x22, 0x00, 0x3e, 0x00, 0x41, 0x00, 0x00, 0x00, 0x00, 0x00, 0x00,
  0x00, 0x00, 0x00, 0x00, 0x00, 0x00, 0x00, 0x00, 0x00, 0x00, 0x00, 0x41, 0x00, 0x41, 0x00, 0x22,
  0x00, 0x14, 0x00, 0x3e, 0x00, 0x08, 0x00, 0x3e, 0x00, 0x08, 0x00, 0x08, 0x00, 0x08, 0x00, 0x00,
  0x00, 0x00, 0x00, 0x00, 0x00, 0x00, 0x00, 0x00, 0x00, 0x08, 0x00, 0x08, 0x00, 0x08, 0x00, 0x08,
  0x00, 0x08, 0x00, 0x00, 0x00, 0x08, 0x00, 0x08, 0x00, 0x08, 0x00, 0x08, 0x00, 0x08, 0x00, 0x00,
  0x00, 0x00, 0x00, 0x00, 0x00, 0x00, 0x00, 0x18, 0x00, 0x24, 0x00, 0x20, 0x00, 0x18, 0x00, 0x24,
  0x00, 0x24, 0x00, 0x24, 0x00, 0x18, 0x00, 0x04, 0x00, 0x24, 0x00, 0x18, 0x00, 0x00, 0x00, 0x00,
  0x00, 0x00, 0x00, 0x22, 0x00, 0x22, 0x00, 0x00, 0x00, 0x00, 0x00, 0x00, 0x00, 0x00, 0x00, 0x00,
  0x00, 0x00, 0x00, 0x00, 0x00, 0x00, 0x00, 0x00, 0x00, 0x00, 0x00, 0x00, 0x00, 0x00, 0x00, 0x00,
  0x00, 0x00, 0x00, 0x3c, 0x00, 0x42, 0x00, 0x99, 0x00, 0xa5, 0x00, 0xa1, 0x00, 0xa5, 0x00, 0x99,
  0x00, 0x42, 0x00, 0x3c, 0x00, 0x00, 0x00, 0x00, 0x00, 0x00, 0x00, 0x00, 0x00, 0x00, 0x00, 0x00,
  0x00, 0x30, 0x00, 0x48, 0x00, 0x38, 0x00, 0x48, 0x00, 0x3c, 0x00, 0x00, 0x00, 0x7c, 0x00, 0x00,
  0x00, 0x00, 0x00, 0x00, 0x00, 0x00, 0x00, 0x00, 0x00, 0x00, 0x00, 0x00, 0x00, 0x00, 0x00, 0x00,
  0x00, 0x09, 0x00, 0x12, 0x00, 0x24, 0x00, 0x48, 0x00, 0x48, 0x00, 0x24, 0x00, 0x12, 0x00, 0x09,
  0x00, 0x00, 0x00, 0x00, 0x00, 0x00, 0x00, 0x00, 0x00, 0x00, 0x00, 0x00, 0x00, 0x00, 0x00, 0x00,
  0x00, 0x00, 0x00, 0x00, 0x00, 0x7e, 0x00, 0x02, 0x00, 0x02, 0x00, 0x02, 0x00, 0x00, 0x00, 0x00,
  0x00, 0x00, 0x00, 0x00, 0x00, 0x00, 0x00, 0x00, 0x00, 0x00, 0x00, 0x00, 0x00, 0x00, 0x00, 0x00,
  0x00, 0x00, 0x00, 0x00, 0x00, 0x3e, 0x00, 0x00, 0x00, 0x00, 0x00, 0x00, 0x00, 0x00, 0x00, 0x00,
  0x00, 0x00, 0x00, 0x00, 0x00, 0x00, 0x00, 0x00, 0x00, 0x3c, 0x00, 0x42, 0x00, 0xb9, 0x00, 0xa5,
  0x00, 0xb9, 0x00, 0xa9, 0x00, 0xa5, 0x00, 0x42, 0x00, 0x3c, 0x00, 0x00, 0x00, 0x00, 0x00, 0x00,
  0x00, 0x00, 0x00, 0x00, 0x00, 0x00, 0x00, 0x7e, 0x00, 0x00, 0x00, 0x00, 0x00, 0x00, 0x00, 0x00,
  0x00, 0x00, 0x00, 0x00, 0x00, 0x00, 0x00, 0x00, 0x00, 0x00, 0x00, 0x00, 0x00, 0x00, 0x00, 0x00,
  0x00, 0x00, 0x00, 0x00, 0x00, 0x0c, 0x00, 0x12, 0x00, 0x12, 0x00, 0x0c, 0x00, 0x00, 0x00, 0x00,
  0x00, 0x00, 0x00, 0x00, 0x00, 0x00, 0x00, 0x00, 0x00, 0x00, 0x00, 0x00, 0x00, 0x00, 0x00, 0x00,
  0x00, 0x00, 0x00, 0x08, 0x00, 0x08, 0x00, 0x08, 0x00, 0x7f, 0x00, 0x08, 0x00, 0x08, 0x00, 0x08,
  0x00, 0x00, 0x00, 0x7f, 0x00, 0x00, 0x00, 0x00, 0x00, 0x00, 0x00, 0x00, 0x00, 0x00, 0x00, 0x00,
  0x00, 0x30, 0x00, 0x48, 0x00, 0x08, 0x00, 0x30, 0x00, 0x40, 0x00, 0x78, 0x00, 0x00, 0x00, 0x00,
  0x00, 0x00, 0x00, 0x00, 0x00, 0x00, 0x00, 0x00, 0x00, 0x00, 0x00, 0x00, 0x00, 0x00, 0x00, 0x30,
  0x00, 0x48, 0x00, 0x10, 0x00, 0x08, 0x00, 0x48, 0x00, 0x30, 0x00, 0x00, 0x00, 0x00, 0x00, 0x00,
  0x00, 0x00, 0x00, 0x00, 0x00, 0x00, 0x00, 0x00, 0x00, 0x00, 0x00, 0x04, 0x00, 0x08, 0x00, 0x10,
  0x00, 0x00, 0x00, 0x00, 0x00, 0x00, 0x00, 0x00, 0x00, 0x00, 0x00, 0x00, 0x00, 0x00, 0x00, 0x00,
  0x00, 0x00, 0x00, 0x00, 0x00, 0x00, 0x00, 0x00, 0x00, 0x00, 0x00, 0x00, 0x00, 0x00, 0x00, 0x00,
  0x00, 0x41, 0x00, 0x41, 0x00, 0x41, 0x00, 0x41, 0x00, 0x41, 0x00, 0x63, 0x00, 0x5d, 0x00, 0x40,
  0x00, 0x40, 0x00, 0x00, 0x00, 0x00, 0x00, 0x00, 0x00, 0x3f, 0x00, 0x45, 0x00, 0x45, 0x00, 0x45,
  0x00, 0x3d, 0x00, 0x05, 0x00, 0x05, 0x00, 0x05, 0x00, 0x05, 0x00, 0x05, 0x00, 0x00, 0x00, 0x00,
  0x00, 0x00, 0x00, 0x00, 0x00, 0x00, 0x00, 0x00, 0x00, 0x00, 0x00, 0x00, 0x00, 0x00, 0x00, 0x0c,
  0x00, 0x0c, 0x00, 0x00, 0x00, 0x00, 0x00, 0x00, 0x00, 0x00, 0x00, 0x00, 0x00, 0x00, 0x00, 0x00,
  0x00, 0x00, 0x00, 0x00, 0x00, 0x00, 0x00, 0x00, 0x00, 0x00, 0x00, 0x00, 0x00, 0x00, 0x00, 0x00,
  0x00, 0x00, 0x00, 0x00, 0x00, 0x00, 0x00, 0x00, 0x00, 0x0c, 0x00, 0x24, 0x00, 0x18, 0x00, 0x00,
  0x00, 0x00, 0x00, 0x20, 0x00, 0x60, 0x00, 0x20, 0x00, 0x20, 0x00, 0x20, 0x00, 0x70, 0x00, 0x00,
  0x00, 0x00, 0x00, 0x00, 0x00, 0x00, 0x00, 0x00, 0x00, 0x00, 0x00, 0x00, 0x00, 0x00, 0x00, 0x00,
  0x00, 0x38, 0x00, 0x44, 0x00, 0x44, 0x00, 0x38, 0x00, 0x00, 0x00, 0x7c, 0x00, 0x00, 0x00, 0x00,
  0x00, 0x00, 0x00, 0x00, 0x00, 0x00, 0x00, 0x00, 0x00, 0x00, 0x00, 0x00, 0x00, 0x00, 0x00, 0x00,
  0x00, 0x48, 0x00, 0x24, 0x00, 0x12, 0x00, 0x09, 0x00, 0x09, 0x00, 0x12, 0x00, 0x24, 0x00, 0x48,
  0x00, 0x00, 0x00, 0x00, 0x00, 0x00, 0x00, 0x00, 0x00, 0x00, 0x00, 0x00, 0x00, 0x20, 0x00, 0x60,
  0x00, 0x20, 0x00, 0x20, 0x00, 0x21, 0x00, 0x73, 0x00, 0x05, 0x00, 0x09, 0x00, 0x0d, 0x00, 0x03,
  0x00, 0x00, 0x00, 0x00, 0x00, 0x00, 0x00, 0x00, 0x00, 0x00, 0x00, 0x20, 0x00, 0x60, 0x00, 0x20,
  0x00, 0x20, 0x00, 0x26, 0x00, 0x79, 0x00, 0x01, 0x00, 0x06, 0x00, 0x08, 0x00, 0x0f, 0x00, 0x00,
  0x00, 0x00, 0x00, 0x00, 0x00, 0x00, 0x00, 0x00, 0x00, 0x30, 0x00, 0x48, 0x00, 0x10, 0x00, 0x08,
  0x00, 0x49, 0x00, 0x33, 0x00, 0x05, 0x00, 0x09, 0x00, 0x0d, 0x00, 0x03, 0x00, 0x00, 0x00, 0x00,
  0x00, 0x00, 0x00, 0x00, 0x00, 0x00, 0x00, 0x08, 0x00, 0x00, 0x00, 0x08, 0x00, 0x08, 0x00, 0x10,
  0x00, 0x20, 0x00, 0x40, 0x00, 0x41, 0x00, 0x41, 0x00, 0x3e, 0x00, 0x00, 0x00, 0x00, 0x00, 0x00,
  0x00, 0x20, 0x00, 0x10, 0x00, 0x08, 0x00, 0x00, 0x00, 0x1c, 0x00, 0x22, 0x00, 0x41, 0x00, 0x41,
  0x00, 0x7f, 0x00, 0x41, 0x00, 0x41, 0x00, 0x41, 0x00, 0x00, 0x00, 0x00, 0x00, 0x00, 0x00, 0x02,
  0x00, 0x04, 0x00, 0x08, 0x00, 0x00, 0x00, 0x1c, 0x00, 0x22, 0x00, 0x41, 0x00, 0x41, 0x00, 0x7f,
  0x00, 0x41, 0x00, 0x41, 0x00, 0x41, 0x00, 0x00, 0x00, 0x00, 0x00, 0x00, 0x00, 0x08, 0x00, 0x14,
  0x00, 0x22, 0x00, 0x00, 0x00, 0x1c, 0x00, 0x22, 0x00, 0x41, 0x00, 0x41, 0x00, 0x7f, 0x00, 0x41,
  0x00, 0x41, 0x00, 0x41, 0x00, 0x00, 0x00, 0x00, 0x00, 0x00, 0x00, 0x00, 0x00, 0x31, 0x00, 0x4e,
  0x00, 0x00, 0x00, 0x1c, 0x00, 0x22, 0x00, 0x41, 0x00, 0x41, 0x00, 0x7f, 0x00, 0x41, 0x00, 0x41,
  0x00, 0x41, 0x00, 0x00, 0x00, 0x00, 0x00, 0x00, 0x00, 0x00, 0x00, 0x22, 0x00, 0x22, 0x00, 0x00,
  0x00, 0x1c, 0x00, 0x22, 0x00, 0x41, 0x00, 0x41, 0x00, 0x7f, 0x00, 0x41, 0x00, 0x41, 0x00, 0x41,
  0x00, 0x00, 0x00, 0x00, 0x00, 0x00, 0x00, 0x00, 0x00, 0x1c, 0x00, 0x22, 0x00, 0x1c, 0x00, 0x14,
  0x00, 0x22, 0x00, 0x41, 0x00, 0x41, 0x00, 0x7f, 0x00, 0x41, 0x00, 0x41, 0x00, 0x41, 0x00, 0x00,
  0x00, 0x00, 0x00, 0x00, 0x00, 0x00, 0x00, 0x00, 0x00, 0x37, 0x00, 0x48, 0x00, 0x48, 0x00, 0x48,
  0x00, 0x48, 0x00, 0x7e, 0x00, 0x48, 0x00, 0x48, 0x00, 0x48, 0x00, 0x4f, 0x00, 0x00, 0x00, 0x00,
  0x00, 0x00, 0x00, 0x00, 0x00, 0x00, 0x00, 0x3e, 0x00, 0x41, 0x00, 0x40, 0x00, 0x40, 0x00, 0x40,
  0x00, 0x40, 0x00, 0x40, 0x00, 0x40, 0x00, 0x41, 0x00, 0x3e, 0x00, 0x0c, 0x00, 0x24, 0x00, 0x18,
  0x00, 0x20, 0x00, 0x10, 0x00, 0x08, 0x00, 0x00, 0x00, 0x7f, 0x00, 0x20, 0x00, 0x20, 0x00, 0x3c,
  0x00, 0x20, 0x00, 0x20, 0x00, 0x20, 0x00, 0x7f, 0x00, 0x00, 0x00, 0x00, 0x00, 0x00, 0x00, 0x02,
  0x00, 0x04, 0x00, 0x08, 0x00, 0x00, 0x00, 0x7f, 0x00, 0x20, 0x00, 0x20, 0x00, 0x3c, 0x00, 0x20,
  0x00, 0x20, 0x00, 0x20, 0x00, 0x7f, 0x00, 0x00, 0x00, 0x00, 0x00, 0x00, 0x00, 0x08, 0x00, 0x14,
  0x00, 0x22, 0x00, 0x00, 0x00, 0x7f, 0x00, 0x20, 0x00, 0x20, 0x00, 0x3c, 0x00, 0x20, 0x00, 0x20,
  0x00, 0x20, 0x00, 0x7f, 0x00, 0x00, 0x00, 0x00, 0x00, 0x00, 0x00, 0x00, 0x00, 0x22, 0x00, 0x22,
  0x00, 0x00, 0x00, 0x7f, 0x00, 0x20, 0x00, 0x20, 0x00, 0x3c, 0x00, 0x20, 0x00, 0x20, 0x00, 0x20,
  0x00, 0x7f, 0x00, 0x00, 0x00, 0x00, 0x00, 0x00, 0x00, 0x20, 0x00, 0x10, 0x00, 0x08, 0x00, 0x00,
  0x00, 0x3e, 0x00, 0x08, 0x00, 0x08, 0x00, 0x08, 0x00, 0x08, 0x00, 0x08, 0x00, 0x08, 0x00, 0x3e,
  0x00, 0x00, 0x00, 0x00, 0x00, 0x00, 0x00, 0x02, 0x00, 0x04, 0x00, 0x08, 0x00, 0x00, 0x00, 0x3e,
  0x00, 0x08, 0x00, 0x08, 0x00, 0x08, 0x00, 0x08, 0x00, 0x08, 0x00, 0x08, 0x00, 0x3e, 0x00, 0x00,
  0x00, 0x00, 0x00, 0x00, 0x00, 0x08, 0x00, 0x14, 0x00, 0x22, 0x00, 0x00, 0x00, 0x3e, 0x00, 0x08,
  0x00, 0x08, 0x00, 0x08, 0x00, 0x08, 0x00, 0x08, 0x00, 0x08, 0x00, 0x3e, 0x00, 0x00, 0x00, 0x00,
  0x00, 0x00, 0x00, 0x00, 0x00, 0x22, 0x00, 0x22, 0x00, 0x00, 0x00, 0x3e, 0x00, 0x08, 0x00, 0x08,
  0x00, 0x08, 0x00, 0x08, 0x00, 0x08, 0x00, 0x08, 0x00, 0x3e, 0x00, 0x00, 0x00, 0x00, 0x00, 0x00,
  0x00, 0x00, 0x00, 0x00, 0x00, 0x7c, 0x00, 0x42, 0x00, 0x41, 0x00, 0x41, 0x00, 0xe1, 0x00, 0x41,
  0x00, 0x41, 0x00, 0x41, 0x00, 0x42, 0x00, 0x7c, 0x00, 0x00, 0x00, 0x00, 0x00, 0x00, 0x00, 0x00,
  0x00, 0x31, 0x00, 0x4e, 0x00, 0x00, 0x00, 0x41, 0x00, 0x61, 0x00, 0x51, 0x00, 0x49, 0x00, 0x49,
  0x00, 0x45, 0x00, 0x43, 0x00, 0x41, 0x00, 0x00, 0x00, 0x00, 0x00, 0x00, 0x00, 0x20, 0x00, 0x10,
  0x00, 0x08, 0x00, 0x00, 0x00, 0x3e, 0x00, 0x41, 0x00, 0x41, 0x00, 0x41, 0x00, 0x41, 0x00, 0x41,
  0x00, 0x41, 0x00, 0x3e, 0x00, 0x00, 0x00, 0x00, 0x00, 0x00, 0x00, 0x02, 0x00, 0x04, 0x00, 0x08,
  0x00, 0x00, 0x00, 0x3e, 0x00, 0x41, 0x00, 0x41, 0x00, 0x41, 0x00, 0x41, 0x00, 0x41, 0x00, 0x41,
  0x00, 0x3e, 0x00, 0x00, 0x00, 0x00, 0x00, 0x00, 0x00, 0x08, 0x00, 0x14, 0x00, 0x22, 0x00, 0x00,
  0x00, 0x3e, 0x00, 0x41, 0x00, 0x41, 0x00, 0x41, 0x00, 0x41, 0x00, 0x41, 0x00, 0x41, 0x00, 0x3e,
  0x00, 0x00, 0x00, 0x00, 0x00, 0x00, 0x00, 0x00, 0x00, 0x31, 0x00, 0x4e, 0x00, 0x00, 0x00, 0x3e,
  0x00, 0x41, 0x00, 0x41, 0x00, 0x41, 0x00, 0x41, 0x00, 0x41, 0x00, 0x41, 0x00, 0x3e, 0x00, 0x00,
  0x00, 0x00, 0x00, 0x00, 0x00, 0x00, 0x00, 0x22, 0x00, 0x22, 0x00, 0x00, 0x00, 0x3e, 0x00, 0x41,
  0x00, 0x41, 0x00, 0x41, 0x00, 0x41, 0x00, 0x41, 0x00, 0x41, 0x00, 0x3e, 0x00, 0x00, 0x00, 0x00,
  0x00, 0x00, 0x00, 0x00, 0x00, 0x00, 0x00, 0x00, 0x00, 0x00, 0x00, 0x41, 0x00, 0x22, 0x00, 0x14,
  0x00, 0x08, 0x00, 0x14, 0x00, 0x22, 0x00, 0x41, 0x00, 0x00, 0x00, 0x00, 0x00, 0x00, 0x00, 0x00,
  0x00, 0x00, 0x00, 0x01, 0x00, 0x3e, 0x00, 0x43, 0x00, 0x45, 0x00, 0x45, 0x00, 0x49, 0x00, 0x49,
  0x00, 0x51, 0x00, 0x51, 0x00, 0x61, 0x00, 0x3e, 0x00, 0x40, 0x00, 0x00, 0x00, 0x00, 0x00, 0x20,
  0x00, 0x10, 0x00, 0x08, 0x00, 0x00, 0x00, 0x41, 0x00, 0x41, 0x00, 0x41, 0x00, 0x41, 0x00, 0x41,
  0x00, 0x41, 0x00, 0x41, 0x00, 0x3e, 0x00, 0x00, 0x00, 0x00, 0x00, 0x00, 0x00, 0x02, 0x00, 0x04,
  0x00, 0x08, 0x00, 0x00, 0x00, 0x41, 0x00, 0x41, 0x00, 0x41, 0x00, 0x41, 0x00, 0x41, 0x00, 0x41,
  0x00, 0x41, 0x00, 0x3e, 0x00, 0x00, 0x00, 0x00, 0x00, 0x00, 0x00, 0x08, 0x00, 0x14, 0x00, 0x22,
  0x00, 0x00, 0x00, 0x41, 0x00, 0x41, 0x00, 0x41, 0x00, 0x41, 0x00, 0x41, 0x00, 0x41, 0x00, 0x41,
  0x00, 0x3e, 0x00, 0x00, 0x00, 0x00, 0x00, 0x00, 0x00, 0x00, 0x00, 0x22, 0x00, 0x22, 0x00, 0x00,
  0x00, 0x41, 0x00, 0x41, 0x00, 0x41, 0x00, 0x41, 0x00, 0x41, 0x00, 0x41, 0x00, 0x41, 0x00, 0x3e,
  0x00, 0x00, 0x00, 0x00, 0x00, 0x00, 0x00, 0x02, 0x00, 0x04, 0x00, 0x08, 0x00, 0x00, 0x00, 0x41,
  0x00, 0x41, 0x00, 0x22, 0x00, 0x14, 0x00, 0x08, 0x00, 0x08, 0x00, 0x08, 0x00, 0x08, 0x00, 0x00,
  0x00, 0x00, 0x00, 0x00, 0x00, 0x00, 0x00, 0x00, 0x00, 0x40, 0x00, 0x40, 0x00, 0x7e, 0x00, 0x41,
  0x00, 0x41, 0x00, 0x41, 0x00, 0x7e, 0x00, 0x40, 0x00, 0x40, 0x00, 0x40, 0x00, 0x00, 0x00, 0x00,
  0x00, 0x00, 0x00, 0x00, 0x00, 0x00, 0x00, 0x1c, 0x00, 0x22, 0x00, 0x22, 0x00, 0x24, 0x00, 0x68,
  0x00, 0x24, 0x00, 0x22, 0x00, 0x22, 0x00, 0x22, 0x00, 0x2c, 0x00, 0x00, 0x00, 0x00, 0x00, 0x00,
  0x00, 0x00, 0x00, 0x10, 0x00, 0x08, 0x00, 0x04, 0x00, 0x00, 0x00, 0x3e, 0x00, 0x01, 0x00, 0x01,
  0x00, 0x3f, 0x00, 0x41, 0x00, 0x43, 0x00, 0x3d, 0x00, 0x00, 0x00, 0x00, 0x00, 0x00, 0x00, 0x00,
  0x00, 0x02, 0x00, 0x04, 0x00, 0x08, 0x00, 0x00, 0x00, 0x3e, 0x00, 0x01, 0x00, 0x01, 0x00, 0x3f,
  0x00, 0x41, 0x00, 0x43, 0x00, 0x3d, 0x00, 0x00, 0x00, 0x00, 0x00, 0x00, 0x00, 0x00, 0x00, 0x08,
  0x00, 0x14, 0x00, 0x22, 0x00, 0x00, 0x00, 0x3e, 0x00, 0x01, 0x00, 0x01, 0x00, 0x3f, 0x00, 0x41,
  0x00, 0x43, 0x00, 0x3d, 0x00, 0x00, 0x00, 0x00, 0x00, 0x00, 0x00, 0x00, 0x00, 0x00, 0x00, 0x19,
  0x00, 0x26, 0x00, 0x00, 0x00, 0x3e, 0x00, 0x01, 0x00, 0x01, 0x00, 0x3f, 0x00, 0x41, 0x00, 0x43,
  0x00, 0x3d, 0x00, 0x00, 0x00, 0x00, 0x00, 0x00, 0x00, 0x00, 0x00, 0x00, 0x00, 0x22, 0x00, 0x22,
  0x00, 0x00, 0x00, 0x3e, 0x00, 0x01, 0x00, 0x01, 0x00, 0x3f, 0x00, 0x41, 0x00, 0x43, 0x00, 0x3d,
  0x00, 0x00, 0x00, 0x00, 0x00, 0x00, 0x00, 0x00, 0x00, 0x0c, 0x00, 0x12, 0x00, 0x0c, 0x00, 0x00,
  0x00, 0x3e, 0x00, 0x01, 0x00, 0x01, 0x00, 0x3f, 0x00, 0x41, 0x00, 0x43, 0x00, 0x3d, 0x00, 0x00,
  0x00, 0x00, 0x00, 0x00, 0x00, 0x00, 0x00, 0x00, 0x00, 0x00, 0x00, 0x00, 0x00, 0x00, 0x00, 0x36,
  0x00, 0x49, 0x00, 0x09, 0x00, 0x3e, 0x00, 0x48, 0x00, 0x49, 0x00, 0x37, 0x00, 0x00, 0x00, 0x00,
  0x00, 0x00, 0x00, 0x00, 0x00, 0x00, 0x00, 0x00, 0x00, 0x00, 0x00, 0x00, 0x00, 0x3e, 0x00, 0x41,
  0x00, 0x40, 0x00, 0x40, 0x00, 0x40, 0x00, 0x41, 0x00, 0x3e, 0x00, 0x0c, 0x00, 0x24, 0x00, 0x18,
  0x00, 0x00, 0x00, 0x20, 0x00, 0x10, 0x00, 0x08, 0x00, 0x00, 0x00, 0x3e, 0x00, 0x41, 0x00, 0x41,
  0x00, 0x7f, 0x00, 0x40, 0x00, 0x40, 0x00, 0x3e, 0x00, 0x00, 0x00, 0x00, 0x00, 0x00, 0x00, 0x00,
  0x00, 0x02, 0x00, 0x04, 0x00, 0x08, 0x00, 0x00, 0x00, 0x3e, 0x00, 0x41, 0x00, 0x41, 0x00, 0x7f,
  0x00, 0x40, 0x00, 0x40, 0x00, 0x3e, 0x00, 0x00, 0x00, 0x00, 0x00, 0x00, 0x00, 0x00, 0x00, 0x08,
  0x00, 0x14, 0x00, 0x22, 0x00, 0x00, 0x00, 0x3e, 0x00, 0x41, 0x00, 0x41, 0x00, 0x7f, 0x00, 0x40,
  0x00, 0x40, 0x00, 0x3e, 0x00, 0x00, 0x00, 0x00, 0x00, 0x00, 0x00, 0x00, 0x00, 0x00, 0x00, 0x22,
  0x00, 0x22, 0x00, 0x00, 0x00, 0x3e, 0x00, 0x41, 0x00, 0x41, 0x00, 0x7f, 0x00, 0x40, 0x00, 0x40,
  0x00, 0x3e, 0x00, 0x00, 0x00, 0x00, 0x00, 0x00, 0x00, 0x00, 0x00, 0x20, 0x00, 0x10, 0x00, 0x08,
  0x00, 0x00, 0x00, 0x38, 0x00, 0x08, 0x00, 0x08, 0x00, 0x08, 0x00, 0x08, 0x00, 0x08, 0x00, 0x3e,
  0x00, 0x00, 0x00, 0x00, 0x00, 0x00, 0x00, 0x00, 0x00, 0x04, 0x00, 0x08, 0x00, 0x10, 0x00, 0x00,
  0x00, 0x38, 0x00, 0x08, 0x00, 0x08, 0x00, 0x08, 0x00, 0x08, 0x00, 0x08, 0x00, 0x3e, 0x00, 0x00,
  0x00, 0x00, 0x00, 0x00, 0x00, 0x00, 0x00, 0x10, 0x00, 0x28, 0x00, 0x44, 0x00, 0x00, 0x00, 0x38,
  0x00, 0x08, 0x00, 0x08, 0x00, 0x08, 0x00, 0x08, 0x00, 0x08, 0x00, 0x3e, 0x00, 0x00, 0x00, 0x00,
  0x00, 0x00, 0x00, 0x00, 0x00, 0x00, 0x00, 0x24, 0x00, 0x24, 0x00, 0x00, 0x00, 0x38, 0x00, 0x08,
  0x00, 0x08, 0x00, 0x08, 0x00, 0x08, 0x00, 0x08, 0x00, 0x3e, 0x00, 0x00, 0x00, 0x00, 0x00, 0x00,
  0x00, 0x00, 0x00, 0x24, 0x00, 0x18, 0x00, 0x28, 0x00, 0x04, 0x00, 0x3e, 0x00, 0x41, 0x00, 0x41,
  0x00, 0x41, 0x00, 0x41, 0x00, 0x41, 0x00, 0x3e, 0x00, 0x00, 0x00, 0x00, 0x00, 0x00, 0x00, 0x00,
  0x00, 0x00, 0x00, 0x31, 0x00, 0x4e, 0x00, 0x00, 0x00, 0x5e, 0x00, 0x61, 0x00, 0x41, 0x00, 0x41,
  0x00, 0x41, 0x00, 0x41, 0x00, 0x41, 0x00, 0x00, 0x00, 0x00, 0x00, 0x00, 0x00, 0x00, 0x00, 0x20,
  0x00, 0x10, 0x00, 0x08, 0x00, 0x00, 0x00, 0x3e, 0x00, 0x41, 0x00, 0x41, 0x00, 0x41, 0x00, 0x41,
  0x00, 0x41, 0x00, 0x3e, 0x00, 0x00, 0x00, 0x00, 0x00, 0x00, 0x00, 0x00, 0x00, 0x02, 0x00, 0x04,
  0x00, 0x08, 0x00, 0x00, 0x00, 0x3e, 0x00, 0x41, 0x00, 0x41, 0x00, 0x41, 0x00, 0x41, 0x00, 0x41,
  0x00, 0x3e, 0x00, 0x00, 0x00, 0x00, 0x00, 0x00, 0x00, 0x00, 0x00, 0x08, 0x00, 0x14, 0x00, 0x22,
  0x00, 0x00, 0x00, 0x3e, 0x00, 0x41, 0x00, 0x41, 0x00, 0x41, 0x00, 0x41, 0x00, 0x41, 0x00, 0x3e,
  0x00, 0x00, 0x00, 0x00, 0x00, 0x00, 0x00, 0x00, 0x00, 0x00, 0x00, 0x31, 0x00, 0x4e, 0x00, 0x00,
  0x00, 0x3e, 0x00, 0x41, 0x00, 0x41, 0x00, 0x41, 0x00, 0x41, 0x00, 0x41, 0x00, 0x3e, 0x00, 0x00,
  0x00, 0x00, 0x00, 0x00, 0x00, 0x00, 0x00, 0x00, 0x00, 0x22, 0x00, 0x22, 0x00, 0x00, 0x00, 0x3e,
  0x00, 0x41, 0x00, 0x41, 0x00, 0x41, 0x00, 0x41, 0x00, 0x41, 0x00, 0x3e, 0x00, 0x00, 0x00, 0x00,
  0x00, 0x00, 0x00, 0x00, 0x00, 0x00, 0x00, 0x00, 0x00, 0x08, 0x00, 0x1c, 0x00, 0x08, 0x00, 0x00,
  0x00, 0x7f, 0x00, 0x00, 0x00, 0x08, 0x00, 0x1c, 0x00, 0x08, 0x00, 0x00, 0x00, 0x00, 0x00, 0x00,
  0x00, 0x00, 0x00, 0x00, 0x00, 0x00, 0x00, 0x00, 0x00, 0x01, 0x00, 0x3e, 0x00, 0x45, 0x00, 0x45,
  0x00, 0x49, 0x00, 0x51, 0x00, 0x51, 0x00, 0x3e, 0x00, 0x40, 0x00, 0x00, 0x00, 0x00, 0x00, 0x00,
  0x00, 0x20, 0x00, 0x10, 0x00, 0x08, 0x00, 0x00, 0x00, 0x42, 0x00, 0x42, 0x00, 0x42, 0x00, 0x42,
  0x00, 0x42, 0x00, 0x42, 0x00, 0x3d, 0x00, 0x00, 0x00, 0x00, 0x00, 0x00, 0x00, 0x00, 0x00, 0x02,
  0x00, 0x04, 0x00, 0x08, 0x00, 0x00, 0x00, 0x42, 0x00, 0x42, 0x00, 0x42, 0x00, 0x42, 0x00, 0x42,
  0x00, 0x42, 0x00, 0x3d, 0x00, 0x00, 0x00, 0x00, 0x00, 0x00, 0x00, 0x00, 0x00, 0x08, 0x00, 0x14,
  0x00, 0x22, 0x00, 0x00, 0x00, 0x42, 0x00, 0x42, 0x00, 0x42, 0x00, 0x42, 0x00, 0x42, 0x00, 0x42,
  0x00, 0x3d, 0x00, 0x00, 0x00, 0x00, 0x00, 0x00, 0x00, 0x00, 0x00, 0x00, 0x00, 0x24, 0x00, 0x24,
  0x00, 0x00, 0x00, 0x42, 0x00, 0x42, 0x00, 0x42, 0x00, 0x42, 0x00, 0x42, 0x00, 0x42, 0x00, 0x3d,
  0x00, 0x00, 0x00, 0x00, 0x00, 0x00, 0x00, 0x00, 0x00, 0x04, 0x00, 0x08, 0x00, 0x10, 0x00, 0x00,
  0x00, 0x42, 0x00, 0x42, 0x00, 0x42, 0x00, 0x42, 0x00, 0x42, 0x00, 0x46, 0x00, 0x3a, 0x00, 0x02,
  0x00, 0x42, 0x00, 0x3c, 0x00, 0x00, 0x00, 0x00, 0x00, 0x00, 0x00, 0x40, 0x00, 0x40, 0x00, 0x40,
  0x00, 0x5e, 0x00, 0x61, 0x00, 0x41, 0x00, 0x41, 0x00, 0x61, 0x00, 0x5e, 0x00, 0x40, 0x00, 0x40,
  0x00, 0x40, 0x00, 0x00, 0x00, 0x00, 0x00, 0x24, 0x00, 0x24, 0x00, 0x00, 0x00, 0x42, 0x00, 0x42,
  0x00, 0x42, 0x00, 0x42, 0x00, 0x42, 0x00, 0x46, 0x00, 0x3a, 0x00, 0x02, 0x00, 0x42, 0x00, 0x3c,
  0x00
};



Font Font::defaultFont(nullptr);

std::unordered_map<std::string, Font> Font::fontRegistry;



Font Font::loadFONTX2Static (
    const uint8_t* rawData, size_t fullSize,
    bool* ok, const char** outErrmsg
) {
    return loadFONTX2(rawData, fullSize, false, ok, outErrmsg);
}

Font Font::loadFONTX2File (
    const std::string_view& path,
    bool* ok, const char** outErrmsg
) {
    bool dummyOk;
    if (!ok) {
        ok = &dummyOk;
    }

    File f(path.data());
    if (!f.open(File::ReadOnly, outErrmsg)) {
        *ok = false;
        return {};
    }
    size_t fullSize = f.getSize();
    uint8_t* rawData = static_cast<uint8_t*>(malloc(fullSize));
    if (!rawData) {
        f.close();
        if (outErrmsg) *outErrmsg = "allocation failed";
        *ok = false;
        return {};
    }
    if (f.readAll(rawData, fullSize) != fullSize) {
        f.close();
        if (outErrmsg) *outErrmsg = "error reading file";
        *ok = false;
        return {};
    }
    f.close();
    Font font = loadFONTX2(rawData, fullSize, true, ok, outErrmsg);
    if (!*ok) {
        free(rawData);
    }
    return font;
}

void Font::setDefaultFont(const Font& font)
{
    defaultFont = font;
}

void Font::registerFont(const Font& font)
{
    fontRegistry[font.getName()] = font;
}

bool Font::isFontRegistered(const std::string_view& name)
{
    return fontRegistry.find(std::string(name)) != fontRegistry.end();
}

void Font::loadDefaultFonts()
{
    struct DefaultFont
    {
        const uint8_t* fontx2Data;
        size_t fontx2DataSize;
        std::string name;
    };

    const DefaultFont defaultFonts[] = {
        {   font8x13_ISO8859_1,     sizeof(font8x13_ISO8859_1),     "8x13_ISO8859_1"    },

        {   font5x8_ISO8859_1,      sizeof(font5x8_ISO8859_1),      "5x8_ISO8859_1"     },
        {   font6x12_ISO8859_1,     sizeof(font6x12_ISO8859_1),     "6x12_ISO8859_1"    },
        {   font9x15_ISO8859_1,     sizeof(font9x15_ISO8859_1),     "9x15_ISO8859_1"    }
    };

    size_t fontIdx = 0;
    for (const DefaultFont& df : defaultFonts) {
        bool ok;
        const char* errmsg;
        Font font = loadFONTX2Static(df.fontx2Data, df.fontx2DataSize, &ok, &errmsg);
        if (!ok) {
            LogError("Error loading default font %u: %s", fontIdx, errmsg);
        }
        font.setName(df.name);
        const bool setAsDefault = (fontIdx == 0);
        LogInfo("Loaded font: %s%s", font.getName().c_str(), setAsDefault ? " -> default" : "");
        registerFont(font);
        if (setAsDefault) {
            setDefaultFont(font);
        }
        fontIdx++;
    }
}


Font Font::loadFONTX2 (
    const uint8_t* rawData,
    size_t fullSize,
    bool bufOwned,
    bool* ok,
    const char** outErrmsg
) {
    if (fullSize < 17) {
        // We don't even have a full header
        if (outErrmsg) *outErrmsg = "premature end of file";
        if (ok) *ok = false;
        return {};
    }

    if (memcmp(rawData, "FONTX2", 6) != 0) {
        if (outErrmsg) *outErrmsg = "invalid file signature";
        if (ok) *ok = false;
        return {};
    }

    const uint8_t glyphWidth = rawData[14];
    const uint8_t glyphHeight = rawData[15];

    const size_t glyphSize = ((glyphWidth + 7) / 8) * glyphHeight;

    const uint8_t codeFlag = rawData[16];

    if (codeFlag == 0) {
        // Single-byte format

        const size_t blockSize = 256*glyphSize;

        if (fullSize < 17+blockSize) {
            if (outErrmsg) *outErrmsg = "premature end of file";
            if (ok) *ok = false;
            return {};
        }
    } else {
        // Double-byte format

        if (fullSize < 17) {
            if (outErrmsg) *outErrmsg = "premature end of file";
            if (ok) *ok = false;
            return {};
        }

        const uint8_t numCodeBlocks = rawData[17];

        const uint8_t* blockPtr = rawData+17;
        size_t sizeLeft = fullSize-17;

        for (uint8_t i = 0 ; i < numCodeBlocks ; i++) {
            if (sizeLeft < 4) {
                if (outErrmsg) *outErrmsg = "premature end of file";
                if (ok) *ok = false;
                return {};
            }

            const uint16_t firstCP = FromLittleEndian(*reinterpret_cast<const uint16_t*>(blockPtr));
            const uint16_t lastCP = FromLittleEndian(*reinterpret_cast<const uint16_t*>(blockPtr+2));
            const size_t blockSize = (lastCP-firstCP+1)*glyphSize;

            if (sizeLeft < 4+blockSize) {
                if (outErrmsg) *outErrmsg = "premature end of file";
                if (ok) *ok = false;
                return {};
            }

            sizeLeft -= 4+blockSize;
            blockPtr += 4+blockSize;
        }
    }

    *ok = true;
    return Font(rawData, bufOwned);
}


Font::Data::~Data()
{
    if (bufOwned) {
        free(const_cast<uint8_t*>(rawData));
    }
    for (auto& edata : explodedRawData) {
        free(edata.second);
    }
}


Font::Font(const std::string_view& name)
{
    auto it = fontRegistry.find(std::string(name));
    if (it != fontRegistry.end()) {
        d = it->second.d;
    } else {
        d = nullptr;
    }
}

Font::Font()
    : Font(nullptr)
{
}

Font::Font(const uint8_t* rawData, bool bufOwned) : d(std::make_shared<Data>(rawData, bufOwned))
{
    const char* namePtr = reinterpret_cast<const char*>(d->rawData + 6);
    const char* nptr = static_cast<const char*>(memchr(namePtr, '\0', 8));
    d->name = nptr ? std::string(namePtr, (nptr-namePtr)) : std::string(namePtr, 8);
}

std::string Font::getName() const
{
    if (!d) {
        return defaultFont.d ? defaultFont.getName() : "";
    }
    return d->name;
}

void Font::setName(const std::string_view& name)
{
    if (!d) {
        if (defaultFont.d) {
            defaultFont.setName(name);
        }
        return;
    }
    d->name = name;
}

uint8_t Font::getGlyphWidth() const
{
    if (!d) {
        return defaultFont.d ? defaultFont.getGlyphWidth() : 0;
    }
    return d->rawData[14];
}

uint8_t Font::getGlyphHeight() const
{
    if (!d) {
        return defaultFont.d ? defaultFont.getGlyphHeight() : 0;
    }
    return d->rawData[15];
}

size_t Font::getGlyphSize() const
{
    return ((getGlyphWidth() + 7) / 8) * getGlyphHeight();
}

size_t Font::getExplodedGlyphSize(uint8_t explosion) const
{
    return ((getGlyphWidth() + 2*explosion + 7) / 8) * (getGlyphHeight() + 2*explosion);
}

const uint8_t* Font::getGlyphBuffer(uint16_t cp) const
{
    return getExplodedGlyphBuffer(cp, 0);
}

const uint8_t* Font::getExplodedGlyphBuffer(uint16_t cp, uint8_t explosion) const
{
    if (!d) {
        return defaultFont.d ? defaultFont.getExplodedGlyphBuffer(cp, explosion) : nullptr;
    }

    const uint8_t* rawData = d->rawData;
    size_t explodedGlyphSize = getGlyphSize();

    if (explosion != 0) {
        auto it = d->explodedRawData.find(explosion);
        if (it == d->explodedRawData.end()) {
            if (!const_cast<Font*>(this)->loadExplodedVersion(explosion)) {
                return nullptr;
            }
            it = d->explodedRawData.find(explosion);
        }
        if (it == d->explodedRawData.end()) {
            return nullptr;
        }
        rawData = it->second;
        explodedGlyphSize = getExplodedGlyphSize(explosion);
    }

    if (rawData[16] == 0) {
        // Single byte format
        if (cp > 255) {
            return nullptr;
        }
        return rawData + 17 + cp*explodedGlyphSize;
    } else {
        // Double byte format
        const uint8_t numCbs = rawData[17];

        const uint8_t* blockPtr = rawData + 18;

        for (uint8_t i = 0 ; i < numCbs ; i++) {
            const uint16_t firstCP = FromLittleEndian(*reinterpret_cast<const uint16_t*>(blockPtr));
            const uint16_t lastCP = FromLittleEndian(*reinterpret_cast<const uint16_t*>(blockPtr+2));
            if (cp >= firstCP  &&  cp <= lastCP) {
                return blockPtr + 4 + (cp-firstCP)*explodedGlyphSize;
            }
            blockPtr += (lastCP-firstCP+1)*explodedGlyphSize;
        }

        return nullptr;
    }
}

bool Font::isValid() const
{
    return d  ||  defaultFont.d;
}

bool Font::loadExplodedVersion(uint8_t explosion)
{
    if (!d) {
        if (defaultFont.d) {
            return defaultFont.loadExplodedVersion(explosion);
        }
        return false;
    }
    if (d->explodedRawData.find(explosion) != d->explodedRawData.end()) {
        return true;
    }
    uint8_t* explodedData = deriveExplodedFont(explosion);
    if (!explodedData) {
        return false;
    }
    d->explodedRawData[explosion] = explodedData;
    return true;
}

uint8_t* Font::deriveExplodedFont(uint8_t delta) const
{
    if (!d) {
        if (defaultFont.d) {
            return defaultFont.deriveExplodedFont(delta);
        }
        return nullptr;
    }

    const auto oldGlyphWidth = getGlyphWidth();
    const auto oldGlyphHeight = getGlyphHeight();

    const uint8_t newGlyphWidth = oldGlyphWidth + 2*delta;
    const uint8_t newGlyphHeight = oldGlyphHeight + 2*delta;

    const size_t oldGlyphSize = ((oldGlyphWidth + 7) / 8) * oldGlyphHeight;
    const size_t newGlyphSize = ((newGlyphWidth + 7) / 8) * newGlyphHeight;

    uint8_t* newRawData = nullptr;

    if (d->rawData[16] == 0) {
        // Single-byte format

        const size_t newRawDataSize = 17 + 256*newGlyphSize;

        newRawData = static_cast<uint8_t*>(malloc(newRawDataSize));
        if (!newRawData) {
            return nullptr;
        }
        memcpy(newRawData, d->rawData, 17);
        memset(newRawData+17, 0, newRawDataSize-17);

        newRawData[14] = newGlyphWidth;
        newRawData[15] = newGlyphHeight;

        for (unsigned int glyphIdx = 0 ; glyphIdx < 256 ; glyphIdx++) {
            const uint8_t* origData = d->rawData + 17 + glyphIdx*oldGlyphSize;
            uint8_t* newData = newRawData + 17 + glyphIdx*newGlyphSize;
            explodeGlyph(newData, origData, oldGlyphWidth, oldGlyphHeight, delta);
        }
    } else {
        // TODO: Implement
        return nullptr;
    }

    return newRawData;
}

void Font::explodeGlyph(uint8_t* exploded, const uint8_t* orig, uint8_t origWidth, uint8_t origHeight, uint8_t delta) const
{
    const uint8_t explodedWidth = origWidth + 2*delta;

    const uint8_t origByteWidth = (origWidth+7) / 8;
    const uint8_t explodedByteWidth = (explodedWidth+7) / 8;

#define ExplodeGlyphIsOrigPixelSet(x, y) (orig[(y)*origByteWidth + ((x)>>3)] & (0x80 >> ((x)&0x7)))
#define ExplodeGlyphSetNewPixel(x, y) exploded[(y)*explodedByteWidth + ((x)>>3)] |= (0x80 >> ((x)&0x7));

    const uint8_t neighborSize = 1 + delta*2;

    for (uint8_t origY = 0 ; origY < origHeight ; origY++) {
        for (uint8_t origX = 0 ; origX < origWidth ; origX++) {
            if (ExplodeGlyphIsOrigPixelSet(origX, origY)) {
                for (uint8_t newY = origY ; newY < origY+neighborSize ; newY++) {
                    for (uint8_t newX = origX ; newX < origX+neighborSize ; newX++) {
                        ExplodeGlyphSetNewPixel(newX, newY);
                    }
                }
            }
        }
    }
}


}
